gene	target_id	sample_group	rows	unique_samples	good_samples	median_percent_covered	median_mean_depth	max_mean_depth
nifA	nifA|CU633751|CU633751_-_Symbiosis_Island|ref1	BLAN	12	12	0	3.5232	0.5978	4.1287
nifA	nifA|CU633751|CU633751_-_Symbiosis_Island|ref1	No	366	366	11	2.7268	1.0776	7938.6391
nifA	nifA|CU633751|CU633751_-_Symbiosis_Island|ref1	Rh	372	372	17	3.7683	1.2791	616.6452
nifA	nifA|CU633751|CU633751_-_Symbiosis_Island|ref1	Ro	366	366	16	3.7377	0.4176	6780.8211
nifA	nifA|NC_002678|NC_002678_-_Symbiosis_Island_1|ref2	BLAN	12	12	0	6.9847	4.2561	26.3668
nifA	nifA|NC_002678|NC_002678_-_Symbiosis_Island_1|ref2	No	366	366	0	6.7859	1.4129	2927.7376
nifA	nifA|NC_002678|NC_002678_-_Symbiosis_Island_1|ref2	Rh	372	372	0	7.2970	3.8447	2147.9222
nifA	nifA|NC_002678|NC_002678_-_Symbiosis_Island_1|ref2	Ro	366	366	0	5.7637	0.8875	1836.0301
nifA	nifA|NC_002678|NC_002678_-_nifA_CDS|ref3	BLAN	12	12	0	29.4581	9.6020	612.3293
nifA	nifA|NC_002678|NC_002678_-_nifA_CDS|ref3	No	366	366	1	39.8893	35.7532	4694.0152
nifA	nifA|NC_002678|NC_002678_-_nifA_CDS|ref3	Rh	372	372	0	25.9907	24.4047	3095.5519
nifA	nifA|NC_002678|NC_002678_-_nifA_CDS|ref3	Ro	366	366	0	27.0688	4.6419	2353.0198
nifA	nifA|NC_009937|NC_009937_-_nifA_CDS|ref4	BLAN	12	12	0	21.6551	23.4862	99.6678
nifA	nifA|NC_009937|NC_009937_-_nifA_CDS|ref4	No	366	366	0	17.0704	35.7906	655.1759
nifA	nifA|NC_009937|NC_009937_-_nifA_CDS|ref4	Rh	372	372	0	20.4440	49.6543	582.7745
nifA	nifA|NC_009937|NC_009937_-_nifA_CDS|ref4	Ro	366	366	0	17.3875	10.3774	228.9043
nifA	nifA|NC_011894|NC_011894_-_Symbiosis_Island_2|ref5	BLAN	12	12	0	22.8056	38.1453	99.3061
nifA	nifA|NC_011894|NC_011894_-_Symbiosis_Island_2|ref5	No	366	366	0	14.1112	12.8255	753.1878
nifA	nifA|NC_011894|NC_011894_-_Symbiosis_Island_2|ref5	Rh	372	372	0	17.4444	28.8669	675.1439
nifA	nifA|NC_011894|NC_011894_-_Symbiosis_Island_2|ref5	Ro	366	366	0	16.7500	6.7633	180.0289
nifA	nifA|NC_012848|NC_012848_-_Symbiosis_Island|ref6	BLAN	12	12	8	98.8458	45.0970	7800.1921
nifA	nifA|NC_012848|NC_012848_-_Symbiosis_Island|ref6	No	366	366	8	6.5559	2.0370	7722.3832
nifA	nifA|NC_012848|NC_012848_-_Symbiosis_Island|ref6	Rh	372	372	21	8.4949	6.7654	2063.2918
nifA	nifA|NC_012848|NC_012848_-_Symbiosis_Island|ref6	Ro	366	366	9	7.1099	1.6034	502.2992
nifA	nifA|NC_014120|NC_014120_-_Symbiosis_Island|ref7	BLAN	12	12	0	12.7808	10.7511	69.0704
nifA	nifA|NC_014120|NC_014120_-_Symbiosis_Island|ref7	No	366	366	0	8.9253	4.9216	3072.0546
nifA	nifA|NC_014120|NC_014120_-_Symbiosis_Island|ref7	Rh	372	372	0	10.2915	25.0009	343.2884
nifA	nifA|NC_014120|NC_014120_-_Symbiosis_Island|ref7	Ro	366	366	0	10.2308	5.4857	1512.3418
nifA	nifA|NC_017249|NC_017249_-_Symbiosis_Island_2|ref8	BLAN	12	12	3	69.0319	5.0509	4443.5006
nifA	nifA|NC_017249|NC_017249_-_Symbiosis_Island_2|ref8	No	366	366	56	59.7910	33.1485	7946.8977
nifA	nifA|NC_017249|NC_017249_-_Symbiosis_Island_2|ref8	Rh	372	372	27	45.5996	3.0272	5345.0908
nifA	nifA|NC_017249|NC_017249_-_Symbiosis_Island_2|ref8	Ro	366	366	29	47.4147	3.0569	3576.8889
nifA	nifA|NC_019848|NC_019848_-_Symbiosis_Island_3|ref9	BLAN	12	12	9	100.0000	17.6664	606.8924
nifA	nifA|NC_019848|NC_019848_-_Symbiosis_Island_3|ref9	No	366	366	42	9.8401	0.7325	7942.7288
nifA	nifA|NC_019848|NC_019848_-_Symbiosis_Island_3|ref9	Rh	372	372	34	9.3788	1.2039	7749.3026
nifA	nifA|NC_019848|NC_019848_-_Symbiosis_Island_3|ref9	Ro	366	366	41	5.9963	0.4256	7920.2478
nifA	nifA|NZ_CP141049|NZ_CP141049_-_Symbiosis_Island_2|ref10	BLAN	12	12	0	12.0354	1.0852	6.7540
nifA	nifA|NZ_CP141049|NZ_CP141049_-_Symbiosis_Island_2|ref10	No	366	366	6	36.5487	2.5567	5944.7835
nifA	nifA|NZ_CP141049|NZ_CP141049_-_Symbiosis_Island_2|ref10	Rh	372	372	1	24.6018	4.3717	4616.3794
nifA	nifA|NZ_CP141049|NZ_CP141049_-_Symbiosis_Island_2|ref10	Ro	366	366	0	30.2950	2.0082	4017.5139
nifA	nifA|NZ_HG938357|NZ_HG938357_-_Symbiosis_Island|ref11	BLAN	12	12	0	2.3985	0.0904	1.7343
nifA	nifA|NZ_HG938357|NZ_HG938357_-_Symbiosis_Island|ref11	No	366	366	0	1.1685	0.0246	159.2355
nifA	nifA|NZ_HG938357|NZ_HG938357_-_Symbiosis_Island|ref11	Rh	372	372	0	1.1685	0.0246	14.9225
nifA	nifA|NZ_HG938357|NZ_HG938357_-_Symbiosis_Island|ref11	Ro	366	366	0	1.1685	0.0234	4.4114
nifB	nifB|CU633751|CU633751_-_Symbiosis_Island|ref12	BLAN	12	12	0	4.6755	0.1663	9.5458
nifB	nifB|CU633751|CU633751_-_Symbiosis_Island|ref12	No	366	366	13	4.5165	0.1590	7931.3925
nifB	nifB|CU633751|CU633751_-_Symbiosis_Island|ref12	Rh	372	372	11	5.4707	0.8550	542.8912
nifB	nifB|CU633751|CU633751_-_Symbiosis_Island|ref12	Ro	366	366	13	4.5165	0.1635	6343.9478
nifB	nifB|NC_002678|NC_002678_-_Symbiosis_Island_1|ref13	BLAN	12	12	0	8.8056	0.3283	4.6768
nifB	nifB|NC_002678|NC_002678_-_Symbiosis_Island_1|ref13	No	366	366	24	23.0769	1.7622	5225.8300
nifB	nifB|NC_002678|NC_002678_-_Symbiosis_Island_1|ref13	Rh	372	372	2	16.3293	0.9791	3809.0148
nifB	nifB|NC_002678|NC_002678_-_Symbiosis_Island_1|ref13	Ro	366	366	2	17.3414	0.7864	3912.1795
nifB	nifB|NC_007777|NC_007777_-_Symbiosis_Island|ref14	BLAN	12	12	0	16.1932	0.6269	2118.5966
nifB	nifB|NC_007777|NC_007777_-_Symbiosis_Island|ref14	No	366	366	0	12.2475	1.4801	2629.9426
nifB	nifB|NC_007777|NC_007777_-_Symbiosis_Island|ref14	Rh	372	372	0	9.6591	0.6711	166.2771
nifB	nifB|NC_007777|NC_007777_-_Symbiosis_Island|ref14	Ro	366	366	0	6.7551	0.2901	888.7778
nifB	nifB|NC_008278|NC_008278_-_Symbiosis_Island|ref15	BLAN	12	12	2	41.9094	1.3634	3137.6744
nifB	nifB|NC_008278|NC_008278_-_Symbiosis_Island|ref15	No	366	366	76	60.4855	5.5434	7937.9307
nifB	nifB|NC_008278|NC_008278_-_Symbiosis_Island|ref15	Rh	372	372	32	44.7897	3.6531	3064.2382
nifB	nifB|NC_008278|NC_008278_-_Symbiosis_Island|ref15	Ro	366	366	23	37.6699	2.0191	2837.4718
nifB	nifB|NC_009937|NC_009937_-_Symbiosis_Island_2|ref16	BLAN	12	12	1	56.7948	12.5497	134.2577
nifB	nifB|NC_009937|NC_009937_-_Symbiosis_Island_2|ref16	No	366	366	108	69.1667	139.9978	4402.2314
nifB	nifB|NC_009937|NC_009937_-_Symbiosis_Island_2|ref16	Rh	372	372	127	70.3205	201.9013	3769.2006
nifB	nifB|NC_009937|NC_009937_-_Symbiosis_Island_2|ref16	Ro	366	366	96	65.2564	19.4254	3603.6865
nifB	nifB|NC_011894|NC_011894_-_Symbiosis_Island_2|ref17	BLAN	12	12	0	10.5878	0.7592	5.5645
nifB	nifB|NC_011894|NC_011894_-_Symbiosis_Island_2|ref17	No	366	366	0	9.0180	1.2495	394.4195
nifB	nifB|NC_011894|NC_011894_-_Symbiosis_Island_2|ref17	Rh	372	372	0	9.2184	1.2698	212.8784
nifB	nifB|NC_011894|NC_011894_-_Symbiosis_Island_2|ref17	Ro	366	366	0	7.0808	0.2946	271.1877
nifB	nifB|NC_012848|NC_012848_-_Symbiosis_Island|ref18	BLAN	12	12	9	100.0000	27.1643	7912.7135
nifB	nifB|NC_012848|NC_012848_-_Symbiosis_Island|ref18	No	366	366	12	1.2899	0.0282	7854.2736
nifB	nifB|NC_012848|NC_012848_-_Symbiosis_Island|ref18	Rh	372	372	9	0.0000	0.0000	2612.7366
nifB	nifB|NC_012848|NC_012848_-_Symbiosis_Island|ref18	Ro	366	366	7	0.0000	0.0000	577.2403
nifB	nifB|NC_014120|NC_014120_-_Symbiosis_Island_2|ref19	BLAN	12	12	0	3.7523	0.5748	6.6792
nifB	nifB|NC_014120|NC_014120_-_Symbiosis_Island_2|ref19	No	366	366	0	3.5335	0.2333	2961.4321
nifB	nifB|NC_014120|NC_014120_-_Symbiosis_Island_2|ref19	Rh	372	372	0	4.8468	0.3634	719.5235
nifB	nifB|NC_014120|NC_014120_-_Symbiosis_Island_2|ref19	Ro	366	366	0	2.6266	0.1270	2415.8712
nifB	nifB|NC_015656|NC_015656_-_Symbiosis_Island|ref20	BLAN	12	12	0	10.1967	0.8250	572.4639
nifB	nifB|NC_015656|NC_015656_-_Symbiosis_Island|ref20	No	366	366	4	9.5110	0.9934	6303.7323
nifB	nifB|NC_015656|NC_015656_-_Symbiosis_Island|ref20	Rh	372	372	2	8.7657	0.8715	1440.1175
nifB	nifB|NC_015656|NC_015656_-_Symbiosis_Island|ref20	Ro	366	366	2	5.5754	0.2996	6130.1950
nifB	nifB|NC_017249|NC_017249_-_Symbiosis_Island|ref21	BLAN	12	12	6	92.7334	13.5023	6674.0247
nifB	nifB|NC_017249|NC_017249_-_Symbiosis_Island|ref21	No	366	366	151	80.7666	42.2754	7939.3367
nifB	nifB|NC_017249|NC_017249_-_Symbiosis_Island|ref21	Rh	372	372	66	64.4000	6.8553	7156.6647
nifB	nifB|NC_017249|NC_017249_-_Symbiosis_Island|ref21	Ro	366	366	70	67.7000	7.0820	4003.6687
nifB	nifB|NC_019848|NC_019848_-_Symbiosis_Island_3|ref22	BLAN	12	12	11	100.0000	18.9196	787.3625
nifB	nifB|NC_019848|NC_019848_-_Symbiosis_Island_3|ref22	No	366	366	55	13.3401	1.1456	7937.5356
nifB	nifB|NC_019848|NC_019848_-_Symbiosis_Island_3|ref22	Rh	372	372	37	11.0659	1.1544	7806.7108
nifB	nifB|NC_019848|NC_019848_-_Symbiosis_Island_3|ref22	Ro	366	366	45	9.0971	0.5736	7929.3198
nifB	nifB|NZ_CP141049|NZ_CP141049_-_Symbiosis_Island_2|ref23	BLAN	12	12	1	10.6950	0.6113	12.7105
nifB	nifB|NZ_CP141049|NZ_CP141049_-_Symbiosis_Island_2|ref23	No	366	366	69	50.5735	5.8168	7257.7045
nifB	nifB|NZ_CP141049|NZ_CP141049_-_Symbiosis_Island_2|ref23	Rh	372	372	40	35.1552	4.7192	5850.1356
nifB	nifB|NZ_CP141049|NZ_CP141049_-_Symbiosis_Island_2|ref23	Ro	366	366	33	40.2497	2.7662	5935.3455
nifB	nifB|NZ_HG938357|NZ_HG938357_-_Symbiosis_Island|ref24	BLAN	12	12	0	0.0000	0.0000	0.1037
nifB	nifB|NZ_HG938357|NZ_HG938357_-_Symbiosis_Island|ref24	No	366	366	0	0.0000	0.0000	13.1667
nifB	nifB|NZ_HG938357|NZ_HG938357_-_Symbiosis_Island|ref24	Rh	372	372	0	0.0000	0.0000	20.1220
nifB	nifB|NZ_HG938357|NZ_HG938357_-_Symbiosis_Island|ref24	Ro	366	366	0	0.0000	0.0000	14.7073
nifD	nifD|CU633751|CU633751_-_Symbiosis_Island|ref25	BLAN	12	12	0	0.0000	0.0000	0.0774
nifD	nifD|CU633751|CU633751_-_Symbiosis_Island|ref25	No	366	366	14	1.3918	0.0278	7941.1202
nifD	nifD|CU633751|CU633751_-_Symbiosis_Island|ref25	Rh	372	372	10	0.0000	0.0000	793.1249
nifD	nifD|CU633751|CU633751_-_Symbiosis_Island|ref25	Ro	366	366	16	0.0000	0.0000	6606.0401
nifD	nifD|NC_002678|NC_002678_-_Symbiosis_Island_3|ref26	BLAN	12	12	0	16.1354	1.2732	108.1275
nifD	nifD|NC_002678|NC_002678_-_Symbiosis_Island_3|ref26	No	366	366	33	34.2297	7.1242	4899.3426
nifD	nifD|NC_002678|NC_002678_-_Symbiosis_Island_3|ref26	Rh	372	372	11	29.1169	15.6494	4050.1866
nifD	nifD|NC_002678|NC_002678_-_Symbiosis_Island_3|ref26	Ro	366	366	5	28.5193	2.9306	3069.8964
nifD	nifD|NC_007777|NC_007777_-_Symbiosis_Island|ref27	BLAN	12	12	1	20.4312	1.2947	2814.0678
nifD	nifD|NC_007777|NC_007777_-_Symbiosis_Island|ref27	No	366	366	20	11.7728	0.6499	5987.2019
nifD	nifD|NC_007777|NC_007777_-_Symbiosis_Island|ref27	Rh	372	372	1	10.5407	0.6824	509.5852
nifD	nifD|NC_007777|NC_007777_-_Symbiosis_Island|ref27	Ro	366	366	3	7.8029	0.3097	1685.1793
nifD	nifD|NC_008278|NC_008278_-_Symbiosis_Island|ref28	BLAN	12	12	2	69.4387	3.7225	5508.7700
nifD	nifD|NC_008278|NC_008278_-_Symbiosis_Island|ref28	No	366	366	137	90.3833	7.7844	7944.2539
nifD	nifD|NC_008278|NC_008278_-_Symbiosis_Island|ref28	Rh	372	372	102	69.5072	8.4281	5177.0554
nifD	nifD|NC_008278|NC_008278_-_Symbiosis_Island|ref28	Ro	366	366	77	65.1951	4.2149	5306.0753
nifD	nifD|NC_009937|NC_009937_-_Symbiosis_Island_4|ref29	BLAN	12	12	9	85.8283	58.1773	615.8922
nifD	nifD|NC_009937|NC_009937_-_Symbiosis_Island_4|ref29	No	366	366	264	91.5835	241.8041	6292.1763
nifD	nifD|NC_009937|NC_009937_-_Symbiosis_Island_4|ref29	Rh	372	372	280	92.2489	725.3809	6650.3819
nifD	nifD|NC_009937|NC_009937_-_Symbiosis_Island_4|ref29	Ro	366	366	236	90.2861	66.3670	6206.0073
nifD	nifD|NC_011894|NC_011894_-_Symbiosis_Island|ref30	BLAN	12	12	0	13.6364	1.5961	8.6206
nifD	nifD|NC_011894|NC_011894_-_Symbiosis_Island|ref30	No	366	366	0	19.4664	5.2997	1128.5639
nifD	nifD|NC_011894|NC_011894_-_Symbiosis_Island|ref30	Rh	372	372	5	15.4150	7.4016	1595.2708
nifD	nifD|NC_011894|NC_011894_-_Symbiosis_Island|ref30	Ro	366	366	1	11.2978	0.8185	191.5033
nifD	nifD|NC_012848|NC_012848_-_Symbiosis_Island_2|ref31	BLAN	12	12	9	97.6190	40.2371	7723.7692
nifD	nifD|NC_012848|NC_012848_-_Symbiosis_Island_2|ref31	No	366	366	16	2.4140	0.2266	7585.5622
nifD	nifD|NC_012848|NC_012848_-_Symbiosis_Island_2|ref31	Rh	372	372	11	1.3889	0.1587	4349.8393
nifD	nifD|NC_012848|NC_012848_-_Symbiosis_Island_2|ref31	Ro	366	366	9	1.2897	0.0384	393.6634
nifD	nifD|NC_014120|NC_014120_-_Symbiosis_Island_3|ref32	BLAN	12	12	0	1.6735	0.1011	1.2234
nifD	nifD|NC_014120|NC_014120_-_Symbiosis_Island_3|ref32	No	366	366	7	18.7842	1.9040	5545.8122
nifD	nifD|NC_014120|NC_014120_-_Symbiosis_Island_3|ref32	Rh	372	372	3	13.2172	0.5683	1904.8525
nifD	nifD|NC_014120|NC_014120_-_Symbiosis_Island_3|ref32	Ro	366	366	5	10.2459	0.3876	3982.7862
nifD	nifD|NC_015656|NC_015656_-_Symbiosis_Island|ref33	BLAN	12	12	0	8.0028	0.3633	6.4175
nifD	nifD|NC_015656|NC_015656_-_Symbiosis_Island|ref33	No	366	366	26	8.2811	0.8761	7948.4245
nifD	nifD|NC_015656|NC_015656_-_Symbiosis_Island|ref33	Rh	372	372	11	7.0285	0.4951	3780.9395
nifD	nifD|NC_015656|NC_015656_-_Symbiosis_Island|ref33	Ro	366	366	12	4.9756	0.2245	7945.1788
nifD	nifD|NC_017249|NC_017249_-_Symbiosis_Island|ref34	BLAN	12	12	7	99.6673	43.4375	7725.4897
nifD	nifD|NC_017249|NC_017249_-_Symbiosis_Island|ref34	No	366	366	263	100.0000	143.3889	7934.3320
nifD	nifD|NC_017249|NC_017249_-_Symbiosis_Island|ref34	Rh	372	372	214	96.8064	19.6793	7856.9894
nifD	nifD|NC_017249|NC_017249_-_Symbiosis_Island|ref34	Ro	366	366	222	97.6713	15.7791	6946.9401
nifD	nifD|NC_019848|NC_019848_-_Symbiosis_Island_2|ref35	BLAN	12	12	11	100.0000	21.9571	851.5715
nifD	nifD|NC_019848|NC_019848_-_Symbiosis_Island_2|ref35	No	366	366	84	32.9341	6.2415	7935.7059
nifD	nifD|NC_019848|NC_019848_-_Symbiosis_Island_2|ref35	Rh	372	372	56	17.1989	3.4524	7713.9255
nifD	nifD|NC_019848|NC_019848_-_Symbiosis_Island_2|ref35	Ro	366	366	53	16.8995	1.1001	7915.4105
nifD	nifD|NZ_CP141049|NZ_CP141049_-_Symbiosis_Island|ref36	BLAN	12	12	1	20.4924	0.8856	15.4458
nifD	nifD|NZ_CP141049|NZ_CP141049_-_Symbiosis_Island|ref36	No	366	366	133	73.2867	16.1570	7348.7798
nifD	nifD|NZ_CP141049|NZ_CP141049_-_Symbiosis_Island|ref36	Rh	372	372	98	61.3107	22.1949	6720.7898
nifD	nifD|NZ_CP141049|NZ_CP141049_-_Symbiosis_Island|ref36	Ro	366	366	96	65.7685	5.9095	7358.9687
nifD	nifD|NZ_HG938357|NZ_HG938357_-_Symbiosis_Island_2|ref37	BLAN	12	12	0	5.3000	0.3836	193.6913
nifD	nifD|NZ_HG938357|NZ_HG938357_-_Symbiosis_Island_2|ref37	No	366	366	0	4.1000	0.1246	718.4067
nifD	nifD|NZ_HG938357|NZ_HG938357_-_Symbiosis_Island_2|ref37	Rh	372	372	0	0.0000	0.0000	295.8400
nifD	nifD|NZ_HG938357|NZ_HG938357_-_Symbiosis_Island_2|ref37	Ro	366	366	0	0.0000	0.0000	120.8827
nifE	nifE|CU633751|CU633751_-_Symbiosis_Island|ref38	BLAN	12	12	0	0.6929	0.0416	3.0489
nifE	nifE|CU633751|CU633751_-_Symbiosis_Island|ref38	No	366	366	12	1.3858	0.0430	7934.3034
nifE	nifE|CU633751|CU633751_-_Symbiosis_Island|ref38	Rh	372	372	11	1.3858	0.0905	499.1685
nifE	nifE|CU633751|CU633751_-_Symbiosis_Island|ref38	Ro	366	366	14	1.3858	0.0587	6235.4303
nifE	nifE|NC_002678|NC_002678_-_Symbiosis_Island_3|ref39	BLAN	12	12	0	8.4507	0.5292	9.0275
nifE	nifE|NC_002678|NC_002678_-_Symbiosis_Island_3|ref39	No	366	366	50	19.9530	1.3095	7184.7592
nifE	nifE|NC_002678|NC_002678_-_Symbiosis_Island_3|ref39	Rh	372	372	21	14.3193	0.9098	5717.2656
nifE	nifE|NC_002678|NC_002678_-_Symbiosis_Island_3|ref39	Ro	366	366	18	16.2978	0.5842	5471.0946
nifE	nifE|NC_007777|NC_007777_-_Symbiosis_Island|ref40	BLAN	12	12	0	3.4646	0.3443	414.6112
nifE	nifE|NC_007777|NC_007777_-_Symbiosis_Island|ref40	No	366	366	3	4.0481	0.3768	1498.6521
nifE	nifE|NC_007777|NC_007777_-_Symbiosis_Island|ref40	Rh	372	372	0	2.7717	0.2305	35.0503
nifE	nifE|NC_007777|NC_007777_-_Symbiosis_Island|ref40	Ro	366	366	0	1.6776	0.0911	173.3472
nifE	nifE|NC_008278|NC_008278_-_Symbiosis_Island|ref41	BLAN	12	12	1	54.7411	1.6925	2230.2502
nifE	nifE|NC_008278|NC_008278_-_Symbiosis_Island|ref41	No	366	366	68	59.9562	5.1295	7915.5062
nifE	nifE|NC_008278|NC_008278_-_Symbiosis_Island|ref41	Rh	372	372	51	38.4391	3.8603	2162.9030
nifE	nifE|NC_008278|NC_008278_-_Symbiosis_Island|ref41	Ro	366	366	26	32.8227	1.7873	2630.3611
nifE	nifE|NC_009937|NC_009937_-_Symbiosis_Island_4|ref42	BLAN	12	12	0	38.9186	4.4628	23.0642
nifE	nifE|NC_009937|NC_009937_-_Symbiosis_Island_4|ref42	No	366	366	41	55.1099	52.9935	3686.7831
nifE	nifE|NC_009937|NC_009937_-_Symbiosis_Island_4|ref42	Rh	372	372	77	61.4379	96.6629	3048.5496
nifE	nifE|NC_009937|NC_009937_-_Symbiosis_Island_4|ref42	Ro	366	366	47	49.2573	10.9388	2240.3678
nifE	nifE|NC_011894|NC_011894_-_Symbiosis_Island|ref43	BLAN	12	12	0	10.3222	0.5345	1.7659
nifE	nifE|NC_011894|NC_011894_-_Symbiosis_Island|ref43	No	366	366	0	8.1197	0.9470	451.4615
nifE	nifE|NC_011894|NC_011894_-_Symbiosis_Island|ref43	Rh	372	372	0	10.2564	2.0109	528.8330
nifE	nifE|NC_011894|NC_011894_-_Symbiosis_Island|ref43	Ro	366	366	0	4.3393	0.2732	108.2919
nifE	nifE|NC_012848|NC_012848_-_Symbiosis_Island_2|ref44	BLAN	12	12	10	100.0000	43.7467	7910.0236
nifE	nifE|NC_012848|NC_012848_-_Symbiosis_Island_2|ref44	No	366	366	15	1.3167	0.0330	7781.3860
nifE	nifE|NC_012848|NC_012848_-_Symbiosis_Island_2|ref44	Rh	372	372	13	2.4255	0.1005	5210.9016
nifE	nifE|NC_012848|NC_012848_-_Symbiosis_Island_2|ref44	Ro	366	366	11	1.3167	0.0263	491.0388
nifE	nifE|NC_014120|NC_014120_-_Symbiosis_Island|ref45	BLAN	12	12	0	0.0000	0.0000	0.2624
nifE	nifE|NC_014120|NC_014120_-_Symbiosis_Island|ref45	No	366	366	0	1.2718	0.0282	2803.4859
nifE	nifE|NC_014120|NC_014120_-_Symbiosis_Island|ref45	Rh	372	372	0	1.2718	0.0254	462.7557
nifE	nifE|NC_014120|NC_014120_-_Symbiosis_Island|ref45	Ro	366	366	0	1.2718	0.0265	1886.7972
nifE	nifE|NC_015656|NC_015656_-_Symbiosis_Island|ref46	BLAN	12	12	0	6.2540	1.1128	150.4790
nifE	nifE|NC_015656|NC_015656_-_Symbiosis_Island|ref46	No	366	366	7	6.5442	1.0112	7150.8124
nifE	nifE|NC_015656|NC_015656_-_Symbiosis_Island|ref46	Rh	372	372	1	6.7376	1.0096	839.0426
nifE	nifE|NC_015656|NC_015656_-_Symbiosis_Island|ref46	Ro	366	366	3	4.9645	0.3024	7103.9529
nifE	nifE|NC_017249|NC_017249_-_Symbiosis_Island|ref47	BLAN	12	12	5	99.2700	7.6122	7385.8595
nifE	nifE|NC_017249|NC_017249_-_Symbiosis_Island|ref47	No	366	366	193	85.8272	64.5746	7934.8023
nifE	nifE|NC_017249|NC_017249_-_Symbiosis_Island|ref47	Rh	372	372	116	77.5851	13.4328	7291.0219
nifE	nifE|NC_017249|NC_017249_-_Symbiosis_Island|ref47	Ro	366	366	114	78.9842	7.8124	4954.2135
nifE	nifE|NC_019848|NC_019848_-_Symbiosis_Island_2|ref48	BLAN	12	12	10	99.6506	17.2009	846.6052
nifE	nifE|NC_019848|NC_019848_-_Symbiosis_Island_2|ref48	No	366	366	57	14.1509	3.3298	7937.1279
nifE	nifE|NC_019848|NC_019848_-_Symbiosis_Island_2|ref48	Rh	372	372	39	5.9399	0.4378	7695.9203
nifE	nifE|NC_019848|NC_019848_-_Symbiosis_Island_2|ref48	Ro	366	366	42	8.1062	0.3931	7899.4368
nifE	nifE|NZ_CP141049|NZ_CP141049_-_Symbiosis_Island|ref49	BLAN	12	12	0	11.6700	0.9148	7.6211
nifE	nifE|NZ_CP141049|NZ_CP141049_-_Symbiosis_Island|ref49	No	366	366	82	60.2280	6.6707	7564.1455
nifE	nifE|NZ_CP141049|NZ_CP141049_-_Symbiosis_Island|ref49	Rh	372	372	52	44.5339	4.3468	7271.9054
nifE	nifE|NZ_CP141049|NZ_CP141049_-_Symbiosis_Island|ref49	Ro	366	366	47	48.4574	2.8544	7125.3789
nifE	nifE|NZ_HG938357|NZ_HG938357_-_Symbiosis_Island_2|ref50	BLAN	12	12	0	1.6073	0.0880	1.0538
nifE	nifE|NZ_HG938357|NZ_HG938357_-_Symbiosis_Island_2|ref50	No	366	366	0	1.3626	0.0797	127.6261
nifE	nifE|NZ_HG938357|NZ_HG938357_-_Symbiosis_Island_2|ref50	Rh	372	372	0	1.3277	0.0266	38.0608
nifE	nifE|NZ_HG938357|NZ_HG938357_-_Symbiosis_Island_2|ref50	Ro	366	366	0	0.0000	0.0000	41.6324
nifH	nifH|CU633751|CU633751_-_Symbiosis_Island|ref51	BLAN	12	12	0	2.4376	0.0635	2.8696
nifH	nifH|CU633751|CU633751_-_Symbiosis_Island|ref51	No	366	366	20	3.9683	0.2704	7939.3095
nifH	nifH|CU633751|CU633751_-_Symbiosis_Island|ref51	Rh	372	372	14	3.9116	0.1123	1425.3458
nifH	nifH|CU633751|CU633751_-_Symbiosis_Island|ref51	Ro	366	366	14	2.2676	0.0454	6856.5578
nifH	nifH|NC_002678|NC_002678_-_Symbiosis_Island_3|ref52	BLAN	12	12	0	32.7181	8.1124	842.6521
nifH	nifH|NC_002678|NC_002678_-_Symbiosis_Island_3|ref52	No	366	366	83	58.7249	31.9866	7370.3747
nifH	nifH|NC_002678|NC_002678_-_Symbiosis_Island_3|ref52	Rh	372	372	40	43.1208	14.2215	5576.8568
nifH	nifH|NC_002678|NC_002678_-_Symbiosis_Island_3|ref52	Ro	366	366	36	44.0156	3.3132	5327.4832
nifH	nifH|NC_007777|NC_007777_-_Symbiosis_Island|ref53	BLAN	12	12	1	32.6968	1.0827	1686.9537
nifH	nifH|NC_007777|NC_007777_-_Symbiosis_Island|ref53	No	366	366	33	26.0996	1.3837	5610.8611
nifH	nifH|NC_007777|NC_007777_-_Symbiosis_Island|ref53	Rh	372	372	13	21.9907	1.0636	1278.7396
nifH	nifH|NC_007777|NC_007777_-_Symbiosis_Island|ref53	Ro	366	366	6	20.6598	0.7003	1288.7025
nifH	nifH|NC_008278|NC_008278_-_Symbiosis_Island|ref54	BLAN	12	12	3	70.3125	7.1760	7061.3762
nifH	nifH|NC_008278|NC_008278_-_Symbiosis_Island|ref54	No	366	366	139	93.5764	8.2326	7939.4491
nifH	nifH|NC_008278|NC_008278_-_Symbiosis_Island|ref54	Rh	372	372	87	76.0417	4.6123	4633.0451
nifH	nifH|NC_008278|NC_008278_-_Symbiosis_Island|ref54	Ro	366	366	80	76.6204	4.1395	6681.1238
nifH	nifH|NC_009937|NC_009937_-_Symbiosis_Island_3|ref55	BLAN	12	12	4	77.6655	33.6605	308.4826
nifH	nifH|NC_009937|NC_009937_-_Symbiosis_Island_3|ref55	No	366	366	236	87.3176	162.9831	5466.2873
nifH	nifH|NC_009937|NC_009937_-_Symbiosis_Island_3|ref55	Rh	372	372	234	87.7666	327.8878	5198.3401
nifH	nifH|NC_009937|NC_009937_-_Symbiosis_Island_3|ref55	Ro	366	366	177	81.3692	29.9472	4480.8171
nifH	nifH|NC_009937|NC_009937_-_Symbiosis_Island_4|ref56	BLAN	12	12	8	86.1953	72.1936	1344.1998
nifH	nifH|NC_009937|NC_009937_-_Symbiosis_Island_4|ref56	No	366	366	259	89.4501	287.3125	5984.8698
nifH	nifH|NC_009937|NC_009937_-_Symbiosis_Island_4|ref56	Rh	372	372	265	89.4501	540.6402	5832.1190
nifH	nifH|NC_009937|NC_009937_-_Symbiosis_Island_4|ref56	Ro	366	366	209	86.0831	46.1471	5222.2705
nifH	nifH|NC_011894|NC_011894_-_Symbiosis_Island|ref57	BLAN	12	12	0	26.1111	1.7416	53.1200
nifH	nifH|NC_011894|NC_011894_-_Symbiosis_Island|ref57	No	366	366	2	31.8889	6.8528	3463.7300
nifH	nifH|NC_011894|NC_011894_-_Symbiosis_Island|ref57	Rh	372	372	9	25.8333	2.4706	1458.1744
nifH	nifH|NC_011894|NC_011894_-_Symbiosis_Island|ref57	Ro	366	366	6	24.1667	0.9744	1095.9744
nifH	nifH|NC_012848|NC_012848_-_Symbiosis_Island_2|ref58	BLAN	12	12	9	100.0000	23.4189	7945.1554
nifH	nifH|NC_012848|NC_012848_-_Symbiosis_Island_2|ref58	No	366	366	16	4.5045	0.1424	7813.1881
nifH	nifH|NC_012848|NC_012848_-_Symbiosis_Island_2|ref58	Rh	372	372	19	4.5045	0.1622	5486.1318
nifH	nifH|NC_012848|NC_012848_-_Symbiosis_Island_2|ref58	Ro	366	366	17	2.1396	0.0450	1160.8378
nifH	nifH|NC_014120|NC_014120_-_Symbiosis_Island_3|ref59	BLAN	12	12	0	3.3447	0.0873	1.3152
nifH	nifH|NC_014120|NC_014120_-_Symbiosis_Island_3|ref59	No	366	366	14	15.1361	1.0323	5904.6633
nifH	nifH|NC_014120|NC_014120_-_Symbiosis_Island_3|ref59	Rh	372	372	7	4.7619	0.2710	3268.0340
nifH	nifH|NC_014120|NC_014120_-_Symbiosis_Island_3|ref59	Ro	366	366	8	2.6077	0.2767	5445.7551
nifH	nifH|NC_015656|NC_015656_-_Symbiosis_Island|ref60	BLAN	12	12	0	9.2783	0.7177	1447.9164
nifH	nifH|NC_015656|NC_015656_-_Symbiosis_Island|ref60	No	366	366	30	7.1019	0.3918	7898.1627
nifH	nifH|NC_015656|NC_015656_-_Symbiosis_Island|ref60	Rh	372	372	11	4.4674	0.1701	3546.7033
nifH	nifH|NC_015656|NC_015656_-_Symbiosis_Island|ref60	Ro	366	366	11	2.6918	0.0950	7811.2772
nifH	nifH|NC_017249|NC_017249_-_Symbiosis_Island|ref61	BLAN	12	12	6	100.0000	25.6085	7857.6859
nifH	nifH|NC_017249|NC_017249_-_Symbiosis_Island|ref61	No	366	366	259	100.0000	141.3842	7932.5424
nifH	nifH|NC_017249|NC_017249_-_Symbiosis_Island|ref61	Rh	372	372	225	100.0000	30.1825	7890.5288
nifH	nifH|NC_017249|NC_017249_-_Symbiosis_Island|ref61	Ro	366	366	205	100.0000	13.1181	7224.8893
nifH	nifH|NC_019848|NC_019848_-_Symbiosis_Island_2|ref62	BLAN	12	12	12	100.0000	42.2254	1419.2327
nifH	nifH|NC_019848|NC_019848_-_Symbiosis_Island_2|ref62	No	366	366	74	27.1253	5.4026	7914.1230
nifH	nifH|NC_019848|NC_019848_-_Symbiosis_Island_2|ref62	Rh	372	372	67	21.6443	4.7282	7772.7170
nifH	nifH|NC_019848|NC_019848_-_Symbiosis_Island_2|ref62	Ro	366	366	55	17.7293	1.4720	7864.0515
nifH	nifH|NZ_CP141049|NZ_CP141049_-_Symbiosis_Island|ref63	BLAN	12	12	1	42.0581	4.0979	28.7405
nifH	nifH|NZ_CP141049|NZ_CP141049_-_Symbiosis_Island|ref63	No	366	366	159	83.5011	199.5666	7767.6622
nifH	nifH|NZ_CP141049|NZ_CP141049_-_Symbiosis_Island|ref63	Rh	372	372	124	69.1275	24.4826	7582.6521
nifH	nifH|NZ_CP141049|NZ_CP141049_-_Symbiosis_Island|ref63	Ro	366	366	116	71.8680	11.4855	7572.6510
nifH	nifH|NZ_HG938357|NZ_HG938357_-_Symbiosis_Island_2|ref64	BLAN	12	12	0	3.4559	0.1739	12.2219
nifH	nifH|NZ_HG938357|NZ_HG938357_-_Symbiosis_Island_2|ref64	No	366	366	0	0.0000	0.0000	287.4515
nifH	nifH|NZ_HG938357|NZ_HG938357_-_Symbiosis_Island_2|ref64	Rh	372	372	0	0.0000	0.0000	321.0959
nifH	nifH|NZ_HG938357|NZ_HG938357_-_Symbiosis_Island_2|ref64	Ro	366	366	0	0.0000	0.0000	884.0825
nifJ	nifJ|NC_007777|NC_007777_-_nifJ_CDS|ref65	BLAN	12	12	0	18.4727	4.7533	1118.7005
nifJ	nifJ|NC_007777|NC_007777_-_nifJ_CDS|ref65	No	366	366	2	9.7269	1.5546	3475.9761
nifJ	nifJ|NC_007777|NC_007777_-_nifJ_CDS|ref65	Rh	372	372	0	11.9738	7.8085	257.1249
nifJ	nifJ|NC_007777|NC_007777_-_nifJ_CDS|ref65	Ro	366	366	0	9.1723	1.0101	491.2762
nifJ	nifJ|NC_008278|NC_008278_-_nifJ_CDS|ref66	BLAN	12	12	1	37.7976	4.8496	1430.0573
nifJ	nifJ|NC_008278|NC_008278_-_nifJ_CDS|ref66	No	366	366	46	40.8163	3.3489	7902.1763
nifJ	nifJ|NC_008278|NC_008278_-_nifJ_CDS|ref66	Rh	372	372	36	42.0068	19.3340	1740.7384
nifJ	nifJ|NC_008278|NC_008278_-_nifJ_CDS|ref66	Ro	366	366	14	30.8957	2.8145	1395.4677
nifK	nifK|CU633751|CU633751_-_Symbiosis_Island|ref67	BLAN	12	12	0	0.0000	0.0000	0.3269
nifK	nifK|CU633751|CU633751_-_Symbiosis_Island|ref67	No	366	366	14	1.4424	0.0420	7928.1442
nifK	nifK|CU633751|CU633751_-_Symbiosis_Island|ref67	Rh	372	372	14	1.2179	0.0426	662.8942
nifK	nifK|CU633751|CU633751_-_Symbiosis_Island|ref67	Ro	366	366	14	1.2179	0.0256	6330.2840
nifK	nifK|NC_002678|NC_002678_-_Symbiosis_Island_3|ref68	BLAN	12	12	0	10.2464	0.3084	31.3495
nifK	nifK|NC_002678|NC_002678_-_Symbiosis_Island_3|ref68	No	366	366	52	35.8625	1.7698	6870.0259
nifK	nifK|NC_002678|NC_002678_-_Symbiosis_Island_3|ref68	Rh	372	372	23	21.4980	0.9452	5227.5240
nifK	nifK|NC_002678|NC_002678_-_Symbiosis_Island_3|ref68	Ro	366	366	15	25.0324	0.7993	3603.5415
nifK	nifK|NC_007777|NC_007777_-_Symbiosis_Island|ref69	BLAN	12	12	0	17.8869	0.9640	1862.7245
nifK	nifK|NC_007777|NC_007777_-_Symbiosis_Island|ref69	No	366	366	10	7.3860	0.8002	5677.2293
nifK	nifK|NC_007777|NC_007777_-_Symbiosis_Island|ref69	Rh	372	372	1	7.7072	0.8899	497.2730
nifK	nifK|NC_007777|NC_007777_-_Symbiosis_Island|ref69	Ro	366	366	2	5.2344	0.2944	1326.4766
nifK	nifK|NC_008278|NC_008278_-_Symbiosis_Island|ref70	BLAN	12	12	0	54.1907	2.8052	2169.7127
nifK	nifK|NC_008278|NC_008278_-_Symbiosis_Island|ref70	No	366	366	93	69.4818	4.9584	7943.3353
nifK	nifK|NC_008278|NC_008278_-_Symbiosis_Island|ref70	Rh	372	372	60	44.5618	4.8944	2695.3436
nifK	nifK|NC_008278|NC_008278_-_Symbiosis_Island|ref70	Ro	366	366	40	39.3154	2.4836	3897.9942
nifK	nifK|NC_009937|NC_009937_-_Symbiosis_Island_4|ref71	BLAN	12	12	0	53.4295	15.9872	381.1231
nifK	nifK|NC_009937|NC_009937_-_Symbiosis_Island_4|ref71	No	366	366	137	70.9936	66.0407	4236.8314
nifK	nifK|NC_009937|NC_009937_-_Symbiosis_Island_4|ref71	Rh	372	372	176	78.6217	260.0984	4370.8250
nifK	nifK|NC_009937|NC_009937_-_Symbiosis_Island_4|ref71	Ro	366	366	123	68.3654	21.7721	3499.5827
nifK	nifK|NC_011894|NC_011894_-_Symbiosis_Island|ref72	BLAN	12	12	0	13.3203	2.5923	8.0338
nifK	nifK|NC_011894|NC_011894_-_Symbiosis_Island|ref72	No	366	366	0	16.9266	4.3457	678.8895
nifK	nifK|NC_011894|NC_011894_-_Symbiosis_Island|ref72	Rh	372	372	0	18.1936	3.6680	605.9097
nifK	nifK|NC_011894|NC_011894_-_Symbiosis_Island|ref72	Ro	366	366	0	12.3782	0.6267	215.9701
nifK	nifK|NC_012848|NC_012848_-_Symbiosis_Island_2|ref73	BLAN	12	12	8	100.0000	48.0460	7871.4964
nifK	nifK|NC_012848|NC_012848_-_Symbiosis_Island_2|ref73	No	366	366	15	5.3490	0.3584	7800.3523
nifK	nifK|NC_012848|NC_012848_-_Symbiosis_Island_2|ref73	Rh	372	372	15	1.5004	0.0597	4987.4755
nifK	nifK|NC_012848|NC_012848_-_Symbiosis_Island_2|ref73	Ro	366	366	14	1.3699	0.0776	528.1663
nifK	nifK|NC_014120|NC_014120_-_Symbiosis_Island_3|ref74	BLAN	12	12	0	4.0385	0.1817	6.6487
nifK	nifK|NC_014120|NC_014120_-_Symbiosis_Island_3|ref74	No	366	366	6	11.4423	2.4042	4144.3705
nifK	nifK|NC_014120|NC_014120_-_Symbiosis_Island_3|ref74	Rh	372	372	0	10.0641	4.9041	404.9712
nifK	nifK|NC_014120|NC_014120_-_Symbiosis_Island_3|ref74	Ro	366	366	2	8.4935	0.5154	1814.1679
nifK	nifK|NC_015656|NC_015656_-_Symbiosis_Island|ref75	BLAN	12	12	0	5.1837	0.3878	23.0840
nifK	nifK|NC_015656|NC_015656_-_Symbiosis_Island|ref75	No	366	366	6	3.8714	0.3130	7924.9311
nifK	nifK|NC_015656|NC_015656_-_Symbiosis_Island|ref75	Rh	372	372	8	2.6575	0.3812	1421.0020
nifK	nifK|NC_015656|NC_015656_-_Symbiosis_Island|ref75	Ro	366	366	7	2.5591	0.1522	7887.4291
nifK	nifK|NC_017249|NC_017249_-_Symbiosis_Island|ref76	BLAN	12	12	8	100.0000	17.7026	7817.8015
nifK	nifK|NC_017249|NC_017249_-_Symbiosis_Island|ref76	No	366	366	244	99.7110	157.5630	7940.9127
nifK	nifK|NC_017249|NC_017249_-_Symbiosis_Island|ref76	Rh	372	372	208	93.7701	24.6314	7869.3211
nifK	nifK|NC_017249|NC_017249_-_Symbiosis_Island|ref76	Ro	366	366	200	95.9538	14.4962	6849.2460
nifK	nifK|NC_019848|NC_019848_-_Symbiosis_Island_2|ref77	BLAN	12	12	9	100.0000	16.9877	655.1874
nifK	nifK|NC_019848|NC_019848_-_Symbiosis_Island_2|ref77	No	366	366	58	30.4799	1.2189	7930.5694
nifK	nifK|NC_019848|NC_019848_-_Symbiosis_Island_2|ref77	Rh	372	372	40	15.9857	0.6822	7762.7938
nifK	nifK|NC_019848|NC_019848_-_Symbiosis_Island_2|ref77	Ro	366	366	46	11.4786	0.4247	7907.0700
nifK	nifK|NZ_CP141049|NZ_CP141049_-_Symbiosis_Island|ref78	BLAN	12	12	1	17.1531	3.5354	21.5480
nifK	nifK|NZ_CP141049|NZ_CP141049_-_Symbiosis_Island|ref78	No	366	366	97	66.8612	5.4180	7758.9598
nifK	nifK|NZ_CP141049|NZ_CP141049_-_Symbiosis_Island|ref78	Rh	372	372	63	42.7691	4.0343	7308.1595
nifK	nifK|NZ_CP141049|NZ_CP141049_-_Symbiosis_Island|ref78	Ro	366	366	61	49.7730	2.9890	6551.3495
nifK	nifK|NZ_HG938357|NZ_HG938357_-_Symbiosis_Island_2|ref79	BLAN	12	12	0	0.6161	0.0123	0.4630
nifK	nifK|NZ_HG938357|NZ_HG938357_-_Symbiosis_Island_2|ref79	No	366	366	0	1.2322	0.0259	432.7964
nifK	nifK|NZ_HG938357|NZ_HG938357_-_Symbiosis_Island_2|ref79	Rh	372	372	0	0.0000	0.0000	428.0026
nifK	nifK|NZ_HG938357|NZ_HG938357_-_Symbiosis_Island_2|ref79	Ro	366	366	0	0.0000	0.0000	19.4358
nifN	nifN|CU633751|CU633751_-_Symbiosis_Island|ref80	BLAN	12	12	0	0.0000	0.0000	0.5818
nifN	nifN|CU633751|CU633751_-_Symbiosis_Island|ref80	No	366	366	11	0.0000	0.0000	7936.7301
nifN	nifN|CU633751|CU633751_-_Symbiosis_Island|ref80	Rh	372	372	8	0.0000	0.0000	428.7959
nifN	nifN|CU633751|CU633751_-_Symbiosis_Island|ref80	Ro	366	366	13	0.0000	0.0000	6491.3119
nifN	nifN|NC_002678|NC_002678_-_Symbiosis_Island_3|ref81	BLAN	12	12	0	12.9428	0.6895	7.4194
nifN	nifN|NC_002678|NC_002678_-_Symbiosis_Island_3|ref81	No	366	366	66	48.6624	2.0286	7351.7737
nifN	nifN|NC_002678|NC_002678_-_Symbiosis_Island_3|ref81	Rh	372	372	40	23.0658	1.2494	6955.1265
nifN	nifN|NC_002678|NC_002678_-_Symbiosis_Island_3|ref81	Ro	366	366	39	29.9710	1.0274	5267.7925
nifN	nifN|NC_009937|NC_009937_-_Symbiosis_Island_4|ref82	BLAN	12	12	0	11.8787	1.2127	6.2661
nifN	nifN|NC_009937|NC_009937_-_Symbiosis_Island_4|ref82	No	366	366	0	16.9226	3.7938	1108.2332
nifN	nifN|NC_009937|NC_009937_-_Symbiosis_Island_4|ref82	Rh	372	372	3	20.1388	5.6440	253.3151
nifN	nifN|NC_009937|NC_009937_-_Symbiosis_Island_4|ref82	Ro	366	366	1	15.4606	1.3111	249.5863
nifN	nifN|NC_011894|NC_011894_-_Symbiosis_Island|ref83	BLAN	12	12	0	7.7007	1.9082	36.5322
nifN	nifN|NC_011894|NC_011894_-_Symbiosis_Island|ref83	No	366	366	0	5.6037	1.1059	451.7983
nifN	nifN|NC_011894|NC_011894_-_Symbiosis_Island|ref83	Rh	372	372	0	7.9176	1.6345	94.8894
nifN	nifN|NC_011894|NC_011894_-_Symbiosis_Island|ref83	Ro	366	366	0	4.5191	0.3579	48.8402
nifN	nifN|NC_012848|NC_012848_-_Symbiosis_Island_2|ref84	BLAN	12	12	9	93.7313	21.6160	7333.8596
nifN	nifN|NC_012848|NC_012848_-_Symbiosis_Island_2|ref84	No	366	366	11	0.0000	0.0000	7159.5721
nifN	nifN|NC_012848|NC_012848_-_Symbiosis_Island_2|ref84	Rh	372	372	10	0.0000	0.0000	4154.8476
nifN	nifN|NC_012848|NC_012848_-_Symbiosis_Island_2|ref84	Ro	366	366	8	0.0000	0.0000	351.3964
nifN	nifN|NC_014120|NC_014120_-_Symbiosis_Island|ref85	BLAN	12	12	0	0.0000	0.0000	1.0624
nifN	nifN|NC_014120|NC_014120_-_Symbiosis_Island|ref85	No	366	366	0	0.0000	0.0000	2725.8855
nifN	nifN|NC_014120|NC_014120_-_Symbiosis_Island|ref85	Rh	372	372	0	0.0000	0.0000	338.6256
nifN	nifN|NC_014120|NC_014120_-_Symbiosis_Island|ref85	Ro	366	366	0	0.0000	0.0000	1637.6975
nifN	nifN|NC_015656|NC_015656_-_Symbiosis_Island|ref86	BLAN	12	12	0	7.9023	0.5783	23.3728
nifN	nifN|NC_015656|NC_015656_-_Symbiosis_Island|ref86	No	366	366	5	4.8132	0.4871	7369.0589
nifN	nifN|NC_015656|NC_015656_-_Symbiosis_Island|ref86	Rh	372	372	1	4.5977	0.9903	482.6911
nifN	nifN|NC_015656|NC_015656_-_Symbiosis_Island|ref86	Ro	366	366	2	2.9454	0.2206	6858.4231
nifN	nifN|NC_017249|NC_017249_-_Symbiosis_Island|ref87	BLAN	12	12	7	94.1844	18.1238	7200.3787
nifN	nifN|NC_017249|NC_017249_-_Symbiosis_Island|ref87	No	366	366	88	67.6241	13.8277	7938.3830
nifN	nifN|NC_017249|NC_017249_-_Symbiosis_Island|ref87	Rh	372	372	49	51.6667	4.8823	7293.4539
nifN	nifN|NC_017249|NC_017249_-_Symbiosis_Island|ref87	Ro	366	366	54	56.4894	3.3018	4613.1787
nifN	nifN|NC_019848|NC_019848_-_Symbiosis_Island_4|ref88	BLAN	12	12	12	100.0000	22.3816	917.5422
nifN	nifN|NC_019848|NC_019848_-_Symbiosis_Island_4|ref88	No	366	366	48	13.6878	0.5516	7941.3967
nifN	nifN|NC_019848|NC_019848_-_Symbiosis_Island_4|ref88	Rh	372	372	43	4.9020	0.4073	7775.6146
nifN	nifN|NC_019848|NC_019848_-_Symbiosis_Island_4|ref88	Ro	366	366	47	2.9789	0.2262	7869.6373
nifN	nifN|NZ_CP141049|NZ_CP141049_-_Symbiosis_Island|ref89	BLAN	12	12	0	7.5199	0.3633	3.2661
nifN	nifN|NZ_CP141049|NZ_CP141049_-_Symbiosis_Island|ref89	No	366	366	35	20.8243	0.7697	4841.1757
nifN	nifN|NZ_CP141049|NZ_CP141049_-_Symbiosis_Island|ref89	Rh	372	372	6	13.8106	0.7119	4384.9190
nifN	nifN|NZ_CP141049|NZ_CP141049_-_Symbiosis_Island|ref89	Ro	366	366	6	17.1729	0.5621	3922.7824
nifN	nifN|NZ_HG938357|NZ_HG938357_-_Symbiosis_Island_2|ref90	BLAN	12	12	0	0.0000	0.0000	0.4929
nifN	nifN|NZ_HG938357|NZ_HG938357_-_Symbiosis_Island_2|ref90	No	366	366	0	0.0000	0.0000	98.0148
nifN	nifN|NZ_HG938357|NZ_HG938357_-_Symbiosis_Island_2|ref90	Rh	372	372	0	0.0000	0.0000	32.2183
nifN	nifN|NZ_HG938357|NZ_HG938357_-_Symbiosis_Island_2|ref90	Ro	366	366	0	0.0000	0.0000	7.4336
nifQ	nifQ|CU633751|CU633751_-_Symbiosis_Island|ref91	BLAN	12	12	0	0.0000	0.0000	0.0868
nifQ	nifQ|CU633751|CU633751_-_Symbiosis_Island|ref91	No	366	366	11	0.0000	0.0000	7937.7674
nifQ	nifQ|CU633751|CU633751_-_Symbiosis_Island|ref91	Rh	372	372	7	0.0000	0.0000	592.8073
nifQ	nifQ|CU633751|CU633751_-_Symbiosis_Island|ref91	Ro	366	366	14	0.0000	0.0000	5713.8056
nifQ	nifQ|NC_002678|NC_002678_-_nitrogen_fixation_protein_NifQ_CDS|ref92	BLAN	24	12	0	3.1636	0.0633	3.9599
nifQ	nifQ|NC_002678|NC_002678_-_nitrogen_fixation_protein_NifQ_CDS|ref92	No	732	366	0	2.9321	0.0772	1805.5617
nifQ	nifQ|NC_002678|NC_002678_-_nitrogen_fixation_protein_NifQ_CDS|ref92	Rh	744	372	0	2.9321	0.1759	751.0957
nifQ	nifQ|NC_002678|NC_002678_-_nitrogen_fixation_protein_NifQ_CDS|ref92	Ro	732	366	0	2.9321	0.0617	115.7099
nifQ	nifQ|NC_009937|NC_009937_-_Symbiosis_Island_3|ref93	BLAN	12	12	0	2.8592	0.1339	6.5858
nifQ	nifQ|NC_009937|NC_009937_-_Symbiosis_Island_3|ref93	No	366	366	0	11.2971	1.1220	379.9833
nifQ	nifQ|NC_009937|NC_009937_-_Symbiosis_Island_3|ref93	Rh	372	372	0	16.8759	1.9847	583.7183
nifQ	nifQ|NC_009937|NC_009937_-_Symbiosis_Island_3|ref93	Ro	366	366	0	2.8592	0.1590	328.7308
nifQ	nifQ|NC_011894|NC_011894_-_Symbiosis_Island|ref94	BLAN	12	12	0	3.7468	0.2727	2.2933
nifQ	nifQ|NC_011894|NC_011894_-_Symbiosis_Island|ref94	No	366	366	0	2.5840	0.2506	21.9935
nifQ	nifQ|NC_011894|NC_011894_-_Symbiosis_Island|ref94	Rh	372	372	0	2.5840	0.2946	50.8411
nifQ	nifQ|NC_011894|NC_011894_-_Symbiosis_Island|ref94	Ro	366	366	0	2.4548	0.0581	9.3979
nifQ	nifQ|NC_014118|NC_014118_-_nitrogen_fixation_protein_NifQ_CDS|ref95	BLAN	12	12	0	3.5715	0.0714	9.0147
nifQ	nifQ|NC_014118|NC_014118_-_nitrogen_fixation_protein_NifQ_CDS|ref95	No	366	366	0	0.0000	0.0000	26.8626
nifQ	nifQ|NC_014118|NC_014118_-_nitrogen_fixation_protein_NifQ_CDS|ref95	Rh	372	372	1	0.0000	0.0000	349.6044
nifQ	nifQ|NC_014118|NC_014118_-_nitrogen_fixation_protein_NifQ_CDS|ref95	Ro	366	366	0	0.0000	0.0000	6.4139
nifQ	nifQ|NC_014120|NC_014120_-_Symbiosis_Island|ref96	BLAN	12	12	0	0.0000	0.0000	0.2667
nifQ	nifQ|NC_014120|NC_014120_-_Symbiosis_Island|ref96	No	366	366	0	0.0000	0.0000	2.8772
nifQ	nifQ|NC_014120|NC_014120_-_Symbiosis_Island|ref96	Rh	372	372	0	0.0000	0.0000	2.6667
nifQ	nifQ|NC_014120|NC_014120_-_Symbiosis_Island|ref96	Ro	366	366	0	0.0000	0.0000	2.8053
nifQ	nifQ|NC_017249|NC_017249_-_Symbiosis_Island|ref97	BLAN	12	12	1	62.7595	4.0061	4501.0037
nifQ	nifQ|NC_017249|NC_017249_-_Symbiosis_Island|ref97	No	366	366	25	44.3834	3.8932	7914.3687
nifQ	nifQ|NC_017249|NC_017249_-_Symbiosis_Island|ref97	Rh	372	372	9	32.2344	0.9073	6143.3700
nifQ	nifQ|NC_017249|NC_017249_-_Symbiosis_Island|ref97	Ro	366	366	10	34.3101	1.1032	1924.1990
nifQ	nifQ|NZ_CP141049|NZ_CP141049_-_nitrogen_fixation_protein_NifQ_CDS|ref98	BLAN	12	12	0	6.7100	0.3549	3.9076
nifQ	nifQ|NZ_CP141049|NZ_CP141049_-_nitrogen_fixation_protein_NifQ_CDS|ref98	No	366	366	4	27.6334	1.0975	5657.4315
nifQ	nifQ|NZ_CP141049|NZ_CP141049_-_nitrogen_fixation_protein_NifQ_CDS|ref98	Rh	372	372	0	15.0072	1.2712	4820.8745
nifQ	nifQ|NZ_CP141049|NZ_CP141049_-_nitrogen_fixation_protein_NifQ_CDS|ref98	Ro	366	366	0	22.3665	0.6919	3176.2828
nifS	nifS|NC_002678|NC_002678_-_Symbiosis_Island_2|ref99	BLAN	12	12	0	7.2394	0.5998	26.5656
nifS	nifS|NC_002678|NC_002678_-_Symbiosis_Island_2|ref99	No	366	366	2	12.8879	0.6818	4597.5792
nifS	nifS|NC_002678|NC_002678_-_Symbiosis_Island_2|ref99	Rh	372	372	0	7.7565	0.3620	3832.1591
nifS	nifS|NC_002678|NC_002678_-_Symbiosis_Island_2|ref99	Ro	366	366	0	7.1202	0.2558	1672.3906
nifS	nifS|NC_009937|NC_009937_-_Symbiosis_Island_2|ref100	BLAN	12	12	0	13.3700	1.2226	3.0421
nifS	nifS|NC_009937|NC_009937_-_Symbiosis_Island_2|ref100	No	366	366	0	9.3864	1.0366	462.9689
nifS	nifS|NC_009937|NC_009937_-_Symbiosis_Island_2|ref100	Rh	372	372	0	13.5531	2.8924	194.0577
nifS	nifS|NC_009937|NC_009937_-_Symbiosis_Island_2|ref100	Ro	366	366	0	6.9139	0.4441	112.4625
nifS	nifS|NC_017249|NC_017249_-_Symbiosis_Island|ref101	BLAN	12	12	6	92.1320	15.7881	5813.4213
nifS	nifS|NC_017249|NC_017249_-_Symbiosis_Island|ref101	No	366	366	114	73.7310	12.8866	7938.2234
nifS	nifS|NC_017249|NC_017249_-_Symbiosis_Island|ref101	Rh	372	372	53	45.2623	6.5740	6925.2953
nifS	nifS|NC_017249|NC_017249_-_Symbiosis_Island|ref101	Ro	366	366	48	53.4687	2.6900	4582.9052
nifT	nifT|NC_002678|NC_002678_-_Symbiosis_Island_1|ref102	BLAN	12	12	0	0.0000	0.0000	6.1972
nifT	nifT|NC_002678|NC_002678_-_Symbiosis_Island_1|ref102	No	366	366	4	0.0000	0.0000	1110.4038
nifT	nifT|NC_002678|NC_002678_-_Symbiosis_Island_1|ref102	Rh	372	372	2	0.0000	0.0000	1194.4554
nifT	nifT|NC_002678|NC_002678_-_Symbiosis_Island_1|ref102	Ro	366	366	0	0.0000	0.0000	1165.8545
nifT	nifT|NC_009937|NC_009937_-_Symbiosis_Island_2|ref103	BLAN	12	12	0	5.0229	0.1004	6.8493
nifT	nifT|NC_009937|NC_009937_-_Symbiosis_Island_2|ref103	No	366	366	55	8.6758	0.3653	876.2648
nifT	nifT|NC_009937|NC_009937_-_Symbiosis_Island_2|ref103	Rh	372	372	98	44.7489	2.8265	1201.2100
nifT	nifT|NC_009937|NC_009937_-_Symbiosis_Island_2|ref103	Ro	366	366	48	8.6758	0.1963	754.8767
nifT	nifT|NC_011894|NC_011894_-_Symbiosis_Island_2|ref104	BLAN	12	12	0	0.0000	0.0000	2.1096
nifT	nifT|NC_011894|NC_011894_-_Symbiosis_Island_2|ref104	No	366	366	0	0.0000	0.0000	103.0046
nifT	nifT|NC_011894|NC_011894_-_Symbiosis_Island_2|ref104	Rh	372	372	0	0.0000	0.0000	41.6986
nifT	nifT|NC_011894|NC_011894_-_Symbiosis_Island_2|ref104	Ro	366	366	0	0.0000	0.0000	17.8265
nifT	nifT|NC_012848|NC_012848_-_Symbiosis_Island|ref105	BLAN	12	12	6	100.0000	10.2699	7759.2676
nifT	nifT|NC_012848|NC_012848_-_Symbiosis_Island|ref105	No	366	366	3	0.0000	0.0000	7473.5869
nifT	nifT|NC_012848|NC_012848_-_Symbiosis_Island|ref105	Rh	372	372	2	0.0000	0.0000	793.6479
nifT	nifT|NC_012848|NC_012848_-_Symbiosis_Island|ref105	Ro	366	366	2	0.0000	0.0000	143.7653
nifT	nifT|NC_014120|NC_014120_-_Symbiosis_Island_2|ref106	BLAN	12	12	0	0.0000	0.0000	2.3105
nifT	nifT|NC_014120|NC_014120_-_Symbiosis_Island_2|ref106	No	366	366	0	0.0000	0.0000	320.2877
nifT	nifT|NC_014120|NC_014120_-_Symbiosis_Island_2|ref106	Rh	372	372	0	0.0000	0.0000	35.4886
nifT	nifT|NC_014120|NC_014120_-_Symbiosis_Island_2|ref106	Ro	366	366	0	0.0000	0.0000	82.6986
nifT	nifT|NC_017249|NC_017249_-_Symbiosis_Island|ref107	BLAN	12	12	5	85.1111	11.0534	6520.9289
nifT	nifT|NC_017249|NC_017249_-_Symbiosis_Island|ref107	No	366	366	127	82.2222	4.6734	7923.2889
nifT	nifT|NC_017249|NC_017249_-_Symbiosis_Island|ref107	Rh	372	372	51	58.6667	1.2955	7755.7067
nifT	nifT|NC_017249|NC_017249_-_Symbiosis_Island|ref107	Ro	366	366	59	66.8889	1.4556	6189.4533
nifT	nifT|NC_019848|NC_019848_-_Symbiosis_Island_3|ref108	BLAN	12	12	10	100.0000	20.1450	1133.0242
nifT	nifT|NC_019848|NC_019848_-_Symbiosis_Island_3|ref108	No	366	366	43	0.0000	0.0000	7804.1643
nifT	nifT|NC_019848|NC_019848_-_Symbiosis_Island_3|ref108	Rh	372	372	37	0.0000	0.0000	7031.8599
nifT	nifT|NC_019848|NC_019848_-_Symbiosis_Island_3|ref108	Ro	366	366	43	0.0000	0.0000	7094.2802
nifT	nifT|NZ_CP141049|NZ_CP141049_-_Symbiosis_Island_2|ref109	BLAN	12	12	0	4.4601	0.0892	5.0563
nifT	nifT|NZ_CP141049|NZ_CP141049_-_Symbiosis_Island_2|ref109	No	366	366	78	60.3286	2.2770	7915.7371
nifT	nifT|NZ_CP141049|NZ_CP141049_-_Symbiosis_Island_2|ref109	Rh	372	372	43	13.8498	0.5822	7301.4789
nifT	nifT|NZ_CP141049|NZ_CP141049_-_Symbiosis_Island_2|ref109	Ro	366	366	43	31.9248	0.8662	6219.8685
nifT	nifT|NZ_HG938357|NZ_HG938357_-_Symbiosis_Island|ref110	BLAN	12	12	0	0.0000	0.0000	0.0000
nifT	nifT|NZ_HG938357|NZ_HG938357_-_Symbiosis_Island|ref110	No	366	366	0	0.0000	0.0000	1.5190
nifT	nifT|NZ_HG938357|NZ_HG938357_-_Symbiosis_Island|ref110	Rh	372	372	0	0.0000	0.0000	1.3502
nifT	nifT|NZ_HG938357|NZ_HG938357_-_Symbiosis_Island|ref110	Ro	366	366	0	0.0000	0.0000	1.3502
nifU	nifU|NC_002678|NC_002678_-_NifU_family_protein_CDS|ref111	BLAN	12	12	12	100.0000	426.3043	5073.8491
nifU	nifU|NC_002678|NC_002678_-_NifU_family_protein_CDS|ref111	No	366	366	305	95.7895	198.6614	7921.8175
nifU	nifU|NC_002678|NC_002678_-_NifU_family_protein_CDS|ref111	Rh	372	372	345	96.3158	1414.3290	7852.6070
nifU	nifU|NC_002678|NC_002678_-_NifU_family_protein_CDS|ref111	Ro	366	366	284	95.7895	76.3895	6248.9737
nifU	nifU|NC_007777|NC_007777_-_NifU_family_protein_CDS|ref112	BLAN	12	12	0	0.0000	0.0000	0.7361
nifU	nifU|NC_007777|NC_007777_-_NifU_family_protein_CDS|ref112	No	366	366	0	0.0000	0.0000	36.8837
nifU	nifU|NC_007777|NC_007777_-_NifU_family_protein_CDS|ref112	Rh	372	372	0	3.2986	0.1389	16.1944
nifU	nifU|NC_007777|NC_007777_-_NifU_family_protein_CDS|ref112	Ro	366	366	0	0.0000	0.0000	8.0139
nifU	nifU|NC_008278|NC_008278_-_NifU_family_protein_CDS|ref113	BLAN	12	12	0	2.9412	0.6410	2.1071
nifU	nifU|NC_008278|NC_008278_-_NifU_family_protein_CDS|ref113	No	366	366	14	3.0166	0.1207	6355.1312
nifU	nifU|NC_008278|NC_008278_-_NifU_family_protein_CDS|ref113	Rh	372	372	1	3.1674	0.3378	412.6697
nifU	nifU|NC_008278|NC_008278_-_NifU_family_protein_CDS|ref113	Ro	366	366	0	2.8658	0.0648	85.4691
nifU	nifU|NC_009937|NC_009937_-_Symbiosis_Island_2|ref114	BLAN	12	12	0	6.8421	0.9508	3.0667
nifU	nifU|NC_009937|NC_009937_-_Symbiosis_Island_2|ref114	No	366	366	0	0.0000	0.0000	195.4316
nifU	nifU|NC_009937|NC_009937_-_Symbiosis_Island_2|ref114	Rh	372	372	0	0.0000	0.0000	124.0737
nifU	nifU|NC_009937|NC_009937_-_Symbiosis_Island_2|ref114	Ro	366	366	0	0.0000	0.0000	67.6105
nifU	nifU|NC_011894|NC_011894_-_NifU_family_protein_CDS|ref115	BLAN	12	12	1	23.2270	8.9468	78.3688
nifU	nifU|NC_011894|NC_011894_-_NifU_family_protein_CDS|ref115	No	366	366	1	18.9716	1.9468	286.6613
nifU	nifU|NC_011894|NC_011894_-_NifU_family_protein_CDS|ref115	Rh	372	372	25	30.2304	20.7925	1108.3475
nifU	nifU|NC_011894|NC_011894_-_NifU_family_protein_CDS|ref115	Ro	366	366	3	23.9362	2.4832	151.5390
nifU	nifU|NC_012850|NC_012850_-_NifU_family_protein_CDS|ref116	BLAN	12	12	11	100.0000	193.2381	7886.9189
nifU	nifU|NC_012850|NC_012850_-_NifU_family_protein_CDS|ref116	No	366	366	92	47.7073	20.9162	7889.3986
nifU	nifU|NC_012850|NC_012850_-_NifU_family_protein_CDS|ref116	Rh	372	372	86	40.2998	52.7116	5542.8377
nifU	nifU|NC_012850|NC_012850_-_NifU_family_protein_CDS|ref116	Ro	366	366	104	51.7636	12.9912	1237.3333
nifU	nifU|NC_015656|NC_015656_-_NifU_family_protein_CDS|ref117	BLAN	12	12	0	3.3109	0.0887	1.1829
nifU	nifU|NC_015656|NC_015656_-_NifU_family_protein_CDS|ref117	No	366	366	5	2.2447	0.1706	7538.0415
nifU	nifU|NC_015656|NC_015656_-_NifU_family_protein_CDS|ref117	Rh	372	372	3	2.1324	0.0898	706.6105
nifU	nifU|NC_015656|NC_015656_-_NifU_family_protein_CDS|ref117	Ro	366	366	2	2.1324	0.0426	7170.7980
nifU	nifU|NC_017249|NC_017249_-_NifU_family_protein_CDS|ref118	BLAN	12	12	12	100.0000	851.9508	7798.5351
nifU	nifU|NC_017249|NC_017249_-_NifU_family_protein_CDS|ref118	No	366	366	336	99.8246	827.7640	7893.5754
nifU	nifU|NC_017249|NC_017249_-_NifU_family_protein_CDS|ref118	Rh	372	372	346	99.6491	953.8570	7825.5211
nifU	nifU|NC_017249|NC_017249_-_NifU_family_protein_CDS|ref118	Ro	366	366	323	99.8246	218.1438	6875.8123
nifU	nifU|NC_019845|NC_019845_-_NifU_family_protein_CDS|ref119	BLAN	12	12	12	100.0000	20.8271	542.8377
nifU	nifU|NC_019845|NC_019845_-_NifU_family_protein_CDS|ref119	No	366	366	68	43.3862	4.4515	7892.7425
nifU	nifU|NC_019845|NC_019845_-_NifU_family_protein_CDS|ref119	Rh	372	372	85	49.8236	9.2946	7467.0564
nifU	nifU|NC_019845|NC_019845_-_NifU_family_protein_CDS|ref119	Ro	366	366	58	44.7090	4.0556	7800.2028
nifU	nifU|NZ_CP104965|NZ_CP104965_-_NifU_family_protein_CDS|ref120	BLAN	12	12	1	23.8977	1.7654	47.2152
nifU	nifU|NZ_CP104965|NZ_CP104965_-_NifU_family_protein_CDS|ref120	No	366	366	6	10.4938	1.3281	820.7213
nifU	nifU|NZ_CP104965|NZ_CP104965_-_NifU_family_protein_CDS|ref120	Rh	372	372	17	13.2275	5.7460	912.1429
nifU	nifU|NZ_CP104965|NZ_CP104965_-_NifU_family_protein_CDS|ref120	Ro	366	366	18	12.8747	1.2698	265.7654
nifU	nifU|NZ_CP141048|NZ_CP141048_-_NifU_family_protein_CDS|ref121	BLAN	12	12	3	64.5276	37.3271	199.6738
nifU	nifU|NZ_CP141048|NZ_CP141048_-_NifU_family_protein_CDS|ref121	No	366	366	9	53.8324	34.9751	2172.9804
nifU	nifU|NZ_CP141048|NZ_CP141048_-_NifU_family_protein_CDS|ref121	Rh	372	372	57	58.2888	110.3369	1190.2424
nifU	nifU|NZ_CP141048|NZ_CP141048_-_NifU_family_protein_CDS|ref121	Ro	366	366	16	51.9608	13.3850	1132.5597
nifU	nifU|NZ_HG938355|NZ_HG938355_-_NifU_family_protein_CDS|ref122	BLAN	12	12	1	47.8836	11.4974	330.9506
nifU	nifU|NZ_HG938355|NZ_HG938355_-_NifU_family_protein_CDS|ref122	No	366	366	21	37.3016	4.5115	6750.8307
nifU	nifU|NZ_HG938355|NZ_HG938355_-_NifU_family_protein_CDS|ref122	Rh	372	372	31	42.5044	25.4207	6776.2910
nifU	nifU|NZ_HG938355|NZ_HG938355_-_NifU_family_protein_CDS|ref122	Ro	366	366	30	37.3897	5.0053	687.4444
nifV	nifV|CU633751|CU633751_-_Symbiosis_Island|ref123	BLAN	12	12	0	0.0000	0.0000	0.1136
nifV	nifV|CU633751|CU633751_-_Symbiosis_Island|ref123	No	366	366	8	0.0000	0.0000	7937.7633
nifV	nifV|CU633751|CU633751_-_Symbiosis_Island|ref123	Rh	372	372	5	0.0000	0.0000	450.7983
nifV	nifV|CU633751|CU633751_-_Symbiosis_Island|ref123	Ro	366	366	10	0.0000	0.0000	6704.7926
nifV	nifV|NC_007777|NC_007777_-_Symbiosis_Island|ref124	BLAN	12	12	0	7.7722	0.8612	35.7365
nifV	nifV|NC_007777|NC_007777_-_Symbiosis_Island|ref124	No	366	366	1	3.2419	0.4115	1059.9202
nifV	nifV|NC_007777|NC_007777_-_Symbiosis_Island|ref124	Rh	372	372	0	3.2419	0.5233	32.7706
nifV	nifV|NC_007777|NC_007777_-_Symbiosis_Island|ref124	Ro	366	366	0	2.3275	0.1699	76.9892
nifV	nifV|NC_008278|NC_008278_-_Symbiosis_Island|ref125	BLAN	12	12	0	19.9507	1.0616	279.6190
nifV	nifV|NC_008278|NC_008278_-_Symbiosis_Island|ref125	No	366	366	50	36.9047	2.7529	7828.2496
nifV	nifV|NC_008278|NC_008278_-_Symbiosis_Island|ref125	Rh	372	372	17	21.6339	1.3481	2200.5402
nifV	nifV|NC_008278|NC_008278_-_Symbiosis_Island|ref125	Ro	366	366	11	16.4204	0.7484	2005.0353
nifV	nifV|NC_009937|NC_009937_-_nifV_CDS|ref126	BLAN	12	12	0	13.0000	2.6521	47.6533
nifV	nifV|NC_009937|NC_009937_-_nifV_CDS|ref126	No	366	366	0	8.7917	2.7625	103.7917
nifV	nifV|NC_009937|NC_009937_-_nifV_CDS|ref126	Rh	372	372	0	8.1250	2.4696	34.4667
nifV	nifV|NC_009937|NC_009937_-_nifV_CDS|ref126	Ro	366	366	0	6.0000	0.5634	20.5217
nifV	nifV|NC_014120|NC_014120_-_Symbiosis_Island_2|ref127	BLAN	12	12	0	1.7544	0.1036	1.4702
nifV	nifV|NC_014120|NC_014120_-_Symbiosis_Island_2|ref127	No	366	366	0	0.0000	0.0000	408.4219
nifV	nifV|NC_014120|NC_014120_-_Symbiosis_Island_2|ref127	Rh	372	372	0	1.6667	0.0333	24.4132
nifV	nifV|NC_014120|NC_014120_-_Symbiosis_Island_2|ref127	Ro	366	366	0	0.0000	0.0000	50.6456
nifV	nifV|NC_015656|NC_015656_-_Symbiosis_Island|ref128	BLAN	12	12	0	6.1696	0.3016	162.7823
nifV	nifV|NC_015656|NC_015656_-_Symbiosis_Island|ref128	No	366	366	5	3.5133	0.3993	7305.7729
nifV	nifV|NC_015656|NC_015656_-_Symbiosis_Island|ref128	Rh	372	372	1	3.3419	0.4610	411.8183
nifV	nifV|NC_015656|NC_015656_-_Symbiosis_Island|ref128	Ro	366	366	2	3.2562	0.1474	6730.9726
nifW	nifW|CU633751|CU633751_-_Symbiosis_Island|ref129	BLAN	12	12	0	0.0000	0.0000	0.0000
nifW	nifW|CU633751|CU633751_-_Symbiosis_Island|ref129	No	366	366	14	0.0000	0.0000	7915.8171
nifW	nifW|CU633751|CU633751_-_Symbiosis_Island|ref129	Rh	372	372	12	0.0000	0.0000	393.9145
nifW	nifW|CU633751|CU633751_-_Symbiosis_Island|ref129	Ro	366	366	17	0.0000	0.0000	7339.7640
nifW	nifW|NC_002678|NC_002678_-_Symbiosis_Island_2|ref130	BLAN	12	12	0	0.0000	0.0000	0.3177
nifW	nifW|NC_002678|NC_002678_-_Symbiosis_Island_2|ref130	No	366	366	4	0.0000	0.0000	3350.5469
nifW	nifW|NC_002678|NC_002678_-_Symbiosis_Island_2|ref130	Rh	372	372	0	0.0000	0.0000	2725.1901
nifW	nifW|NC_002678|NC_002678_-_Symbiosis_Island_2|ref130	Ro	366	366	2	0.0000	0.0000	2177.9766
nifW	nifW|NC_007777|NC_007777_-_Symbiosis_Island|ref131	BLAN	12	12	0	10.5263	0.8486	372.5702
nifW	nifW|NC_007777|NC_007777_-_Symbiosis_Island|ref131	No	366	366	0	4.6053	0.4605	2844.2588
nifW	nifW|NC_007777|NC_007777_-_Symbiosis_Island|ref131	Rh	372	372	0	4.1667	0.1667	112.7215
nifW	nifW|NC_007777|NC_007777_-_Symbiosis_Island|ref131	Ro	366	366	0	4.3860	0.1678	310.6316
nifW	nifW|NC_008278|NC_008278_-_Symbiosis_Island|ref132	BLAN	12	12	0	19.0657	0.8548	517.3788
nifW	nifW|NC_008278|NC_008278_-_Symbiosis_Island|ref132	No	366	366	47	37.8788	1.0644	7934.0177
nifW	nifW|NC_008278|NC_008278_-_Symbiosis_Island|ref132	Rh	372	372	20	19.6970	0.9899	3083.0960
nifW	nifW|NC_008278|NC_008278_-_Symbiosis_Island|ref132	Ro	366	366	15	10.4798	0.5076	2044.1364
nifW	nifW|NC_009937|NC_009937_-_Symbiosis_Island_3|ref133	BLAN	12	12	0	2.5758	0.1152	0.6545
nifW	nifW|NC_009937|NC_009937_-_Symbiosis_Island_3|ref133	No	366	366	0	0.0000	0.0000	43.8758
nifW	nifW|NC_009937|NC_009937_-_Symbiosis_Island_3|ref133	Rh	372	372	0	4.2424	0.1152	44.8848
nifW	nifW|NC_009937|NC_009937_-_Symbiosis_Island_3|ref133	Ro	366	366	0	0.0000	0.0000	5.8545
nifW	nifW|NC_011894|NC_011894_-_nifW_CDS|ref134	BLAN	12	12	0	0.0000	0.0000	0.6556
nifW	nifW|NC_011894|NC_011894_-_nifW_CDS|ref134	No	366	366	0	0.0000	0.0000	242.1250
nifW	nifW|NC_011894|NC_011894_-_nifW_CDS|ref134	Rh	372	372	0	0.0000	0.0000	17.3722
nifW	nifW|NC_011894|NC_011894_-_nifW_CDS|ref134	Ro	366	366	0	0.0000	0.0000	94.9083
nifW	nifW|NC_014120|NC_014120_-_Symbiosis_Island_2|ref135	BLAN	12	12	0	0.0000	0.0000	0.3363
nifW	nifW|NC_014120|NC_014120_-_Symbiosis_Island_2|ref135	No	366	366	0	0.0000	0.0000	18.0000
nifW	nifW|NC_014120|NC_014120_-_Symbiosis_Island_2|ref135	Rh	372	372	0	0.0000	0.0000	2.1711
nifW	nifW|NC_014120|NC_014120_-_Symbiosis_Island_2|ref135	Ro	366	366	0	0.0000	0.0000	6.0501
nifW	nifW|NC_015656|NC_015656_-_Symbiosis_Island|ref136	BLAN	12	12	0	5.1588	0.2117	18.1323
nifW	nifW|NC_015656|NC_015656_-_Symbiosis_Island|ref136	No	366	366	6	5.0265	0.1058	6433.7831
nifW	nifW|NC_015656|NC_015656_-_Symbiosis_Island|ref136	Rh	372	372	4	5.0265	0.1005	1804.2090
nifW	nifW|NC_015656|NC_015656_-_Symbiosis_Island|ref136	Ro	366	366	3	0.0000	0.0000	6367.8836
nifW	nifW|NC_017249|NC_017249_-_Symbiosis_Island|ref137	BLAN	12	12	5	81.5789	9.6228	6558.0175
nifW	nifW|NC_017249|NC_017249_-_Symbiosis_Island|ref137	No	366	366	91	72.6608	5.1754	7950.2807
nifW	nifW|NC_017249|NC_017249_-_Symbiosis_Island|ref137	Rh	372	372	37	57.8947	1.3100	6345.8246
nifW	nifW|NC_017249|NC_017249_-_Symbiosis_Island|ref137	Ro	366	366	47	64.7661	1.7734	2306.2515
nifW	nifW|NZ_CP141049|NZ_CP141049_-_nifW_CDS|ref138	BLAN	24	12	0	0.0000	0.0000	4.1849
nifW	nifW|NZ_CP141049|NZ_CP141049_-_nifW_CDS|ref138	No	732	366	32	0.0000	0.0000	7353.9010
nifW	nifW|NZ_CP141049|NZ_CP141049_-_nifW_CDS|ref138	Rh	744	372	12	0.0000	0.0000	5339.9115
nifW	nifW|NZ_CP141049|NZ_CP141049_-_nifW_CDS|ref138	Ro	732	366	10	0.0000	0.0000	5142.8724
nifX	nifX|CU633751|CU633751_-_Symbiosis_Island|ref139	BLAN	12	12	0	2.9112	0.0582	0.7627
nifX	nifX|CU633751|CU633751_-_Symbiosis_Island|ref139	No	366	366	11	2.9112	0.1659	7930.3712
nifX	nifX|CU633751|CU633751_-_Symbiosis_Island|ref139	Rh	372	372	6	0.0000	0.0000	417.3304
nifX	nifX|CU633751|CU633751_-_Symbiosis_Island|ref139	Ro	366	366	10	0.0000	0.0000	5275.7132
nifX	nifX|NC_002678|NC_002678_-_Symbiosis_Island_3|ref140	BLAN	12	12	1	14.5582	1.4076	19.9538
nifX	nifX|NC_002678|NC_002678_-_Symbiosis_Island_3|ref140	No	366	366	94	69.4779	2.3373	7787.0783
nifX	nifX|NC_002678|NC_002678_-_Symbiosis_Island_3|ref140	Rh	372	372	53	31.8273	1.2470	7414.9940
nifX	nifX|NC_002678|NC_002678_-_Symbiosis_Island_3|ref140	Ro	366	366	58	46.0843	1.2430	7026.9538
nifX	nifX|NC_002678|NC_002678_-_Symbiosis_Island_3|ref141	BLAN	12	12	1	6.7708	0.2062	15.2188
nifX	nifX|NC_002678|NC_002678_-_Symbiosis_Island_3|ref141	No	366	366	68	30.0000	1.2719	7264.0688
nifX	nifX|NC_002678|NC_002678_-_Symbiosis_Island_3|ref141	Rh	372	372	36	12.5000	1.0438	6576.5875
nifX	nifX|NC_002678|NC_002678_-_Symbiosis_Island_3|ref141	Ro	366	366	33	14.0625	0.5188	3601.5687
nifX	nifX|NC_007777|NC_007777_-_Symbiosis_Island|ref142	BLAN	12	12	0	9.0091	0.6239	14.8784
nifX	nifX|NC_007777|NC_007777_-_Symbiosis_Island|ref142	No	366	366	1	4.2793	0.1825	1867.3333
nifX	nifX|NC_007777|NC_007777_-_Symbiosis_Island|ref142	Rh	372	372	0	4.2793	0.1734	35.4820
nifX	nifX|NC_007777|NC_007777_-_Symbiosis_Island|ref142	Ro	366	366	0	0.0000	0.0000	152.6622
nifX	nifX|NC_007777|NC_007777_-_Symbiosis_Island|ref143	BLAN	12	12	0	4.7127	0.1449	22.0023
nifX	nifX|NC_007777|NC_007777_-_Symbiosis_Island|ref143	No	366	366	0	0.0000	0.0000	1807.2552
nifX	nifX|NC_007777|NC_007777_-_Symbiosis_Island|ref143	Rh	372	372	0	4.3678	0.0886	12.8621
nifX	nifX|NC_007777|NC_007777_-_Symbiosis_Island|ref143	Ro	366	366	0	0.0000	0.0000	18.5471
nifX	nifX|NC_008278|NC_008278_-_Symbiosis_Island|ref144	BLAN	12	12	0	34.2342	1.7432	187.5248
nifX	nifX|NC_008278|NC_008278_-_Symbiosis_Island|ref144	No	366	366	52	47.8603	2.5337	7911.4302
nifX	nifX|NC_008278|NC_008278_-_Symbiosis_Island|ref144	Rh	372	372	26	35.6982	2.9245	3294.5450
nifX	nifX|NC_008278|NC_008278_-_Symbiosis_Island|ref144	Ro	366	366	23	22.9729	1.3739	2409.8288
nifX	nifX|NC_008278|NC_008278_-_Symbiosis_Island|ref145	BLAN	12	12	0	16.4352	0.4908	407.4884
nifX	nifX|NC_008278|NC_008278_-_Symbiosis_Island|ref145	No	366	366	54	47.6852	1.4410	7916.9954
nifX	nifX|NC_008278|NC_008278_-_Symbiosis_Island|ref145	Rh	372	372	26	22.8010	0.9305	4012.3032
nifX	nifX|NC_008278|NC_008278_-_Symbiosis_Island|ref145	Ro	366	366	23	21.7593	0.6180	4656.9491
nifX	nifX|NC_009937|NC_009937_-_Symbiosis_Island_4|ref146	BLAN	12	12	0	28.9247	1.1032	5.4538
nifX	nifX|NC_009937|NC_009937_-_Symbiosis_Island_4|ref146	No	366	366	0	29.3548	3.5903	1445.9570
nifX	nifX|NC_009937|NC_009937_-_Symbiosis_Island_4|ref146	Rh	372	372	0	32.2581	24.9183	1299.1204
nifX	nifX|NC_009937|NC_009937_-_Symbiosis_Island_4|ref146	Ro	366	366	0	26.8817	2.1785	892.1118
nifX	nifX|NC_009937|NC_009937_-_Symbiosis_Island_4|ref147	BLAN	12	12	0	10.2272	0.4836	5.8510
nifX	nifX|NC_009937|NC_009937_-_Symbiosis_Island_4|ref147	No	366	366	18	21.9697	1.8724	2560.2702
nifX	nifX|NC_009937|NC_009937_-_Symbiosis_Island_4|ref147	Rh	372	372	36	37.8788	11.7424	1319.8788
nifX	nifX|NC_009937|NC_009937_-_Symbiosis_Island_4|ref147	Ro	366	366	25	16.4141	0.6666	392.9596
nifX	nifX|NC_011894|NC_011894_-_Symbiosis_Island|ref148	BLAN	12	12	0	4.0373	0.3644	0.9110
nifX	nifX|NC_011894|NC_011894_-_Symbiosis_Island|ref148	No	366	366	0	0.0000	0.0000	63.3644
nifX	nifX|NC_011894|NC_011894_-_Symbiosis_Island|ref148	Rh	372	372	0	0.0000	0.0000	25.2774
nifX	nifX|NC_011894|NC_011894_-_Symbiosis_Island|ref148	Ro	366	366	0	0.0000	0.0000	25.5259
nifX	nifX|NC_011894|NC_011894_-_Symbiosis_Island|ref149	BLAN	12	12	0	5.9959	0.2398	1.3293
nifX	nifX|NC_011894|NC_011894_-_Symbiosis_Island|ref149	No	366	366	0	4.0650	0.1921	84.2764
nifX	nifX|NC_011894|NC_011894_-_Symbiosis_Island|ref149	Rh	372	372	0	3.8618	0.2439	43.9736
nifX	nifX|NC_011894|NC_011894_-_Symbiosis_Island|ref149	Ro	366	366	0	0.0000	0.0000	148.0407
nifX	nifX|NC_014120|NC_014120_-_Symbiosis_Island|ref150	BLAN	12	12	0	4.4289	0.9347	11.2494
nifX	nifX|NC_014120|NC_014120_-_Symbiosis_Island|ref150	No	366	366	0	0.0000	0.0000	2341.9441
nifX	nifX|NC_014120|NC_014120_-_Symbiosis_Island|ref150	Rh	372	372	0	4.4289	0.2343	233.0373
nifX	nifX|NC_014120|NC_014120_-_Symbiosis_Island|ref150	Ro	366	366	0	4.4289	0.0886	1397.7949
nifX	nifX|NC_015656|NC_015656_-_Symbiosis_Island|ref151	BLAN	12	12	0	12.4486	2.9126	52.2654
nifX	nifX|NC_015656|NC_015656_-_Symbiosis_Island|ref151	No	366	366	5	7.8189	0.5638	7426.8169
nifX	nifX|NC_015656|NC_015656_-_Symbiosis_Island|ref151	Rh	372	372	2	7.8189	1.0021	674.0206
nifX	nifX|NC_015656|NC_015656_-_Symbiosis_Island|ref151	Ro	366	366	2	4.1152	0.2449	7088.1214
nifX	nifX|NC_015656|NC_015656_-_Symbiosis_Island|ref152	BLAN	12	12	0	5.0126	0.4374	34.3759
nifX	nifX|NC_015656|NC_015656_-_Symbiosis_Island|ref152	No	366	366	8	4.7619	0.1642	7851.9749
nifX	nifX|NC_015656|NC_015656_-_Symbiosis_Island|ref152	Rh	372	372	3	4.7619	0.1905	748.4411
nifX	nifX|NC_015656|NC_015656_-_Symbiosis_Island|ref152	Ro	366	366	4	0.0000	0.0000	7812.2231
nifX	nifX|NC_017249|NC_017249_-_Symbiosis_Island|ref153	BLAN	12	12	5	74.6236	13.4785	5402.4516
nifX	nifX|NC_017249|NC_017249_-_Symbiosis_Island|ref153	No	366	366	87	63.1183	6.0709	7932.1355
nifX	nifX|NC_017249|NC_017249_-_Symbiosis_Island|ref153	Rh	372	372	37	31.8280	0.9451	6697.6000
nifX	nifX|NC_017249|NC_017249_-_Symbiosis_Island|ref153	Ro	366	366	34	37.8495	1.2226	4613.3849
nifX	nifX|NC_017249|NC_017249_-_Symbiosis_Island|ref154	BLAN	12	12	4	76.3889	2.9622	5592.5758
nifX	nifX|NC_017249|NC_017249_-_Symbiosis_Island|ref154	No	366	366	122	76.1363	4.1200	7906.2929
nifX	nifX|NC_017249|NC_017249_-_Symbiosis_Island|ref154	Rh	372	372	31	49.1162	1.1023	7282.7222
nifX	nifX|NC_017249|NC_017249_-_Symbiosis_Island|ref154	Ro	366	366	37	53.1565	1.5177	3006.5303
nifX	nifX|NC_019848|NC_019848_-_Symbiosis_Island_2|ref155	BLAN	12	12	10	100.0000	20.7741	549.9699
nifX	nifX|NC_019848|NC_019848_-_Symbiosis_Island_2|ref155	No	366	366	44	3.8153	0.0763	7948.3655
nifX	nifX|NC_019848|NC_019848_-_Symbiosis_Island_2|ref155	Rh	372	372	32	0.0000	0.0000	7814.1888
nifX	nifX|NC_019848|NC_019848_-_Symbiosis_Island_2|ref155	Ro	366	366	43	0.0000	0.0000	7936.7249
nifX	nifX|NZ_CP141049|NZ_CP141049_-_Symbiosis_Island|ref156	BLAN	12	12	0	6.3008	0.3648	5.4715
nifX	nifX|NZ_CP141049|NZ_CP141049_-_Symbiosis_Island|ref156	No	366	366	23	5.4878	0.1870	4456.9756
nifX	nifX|NZ_CP141049|NZ_CP141049_-_Symbiosis_Island|ref156	Rh	372	372	2	4.0650	0.1677	2951.9167
nifX	nifX|NZ_CP141049|NZ_CP141049_-_Symbiosis_Island|ref156	Ro	366	366	3	3.8618	0.0823	4279.7744
nifX	nifX|NZ_CP141049|NZ_CP141049_-_Symbiosis_Island|ref157	BLAN	12	12	1	6.6667	0.2135	14.5896
nifX	nifX|NZ_CP141049|NZ_CP141049_-_Symbiosis_Island|ref157	No	366	366	93	62.0833	2.0364	7690.9333
nifX	nifX|NZ_CP141049|NZ_CP141049_-_Symbiosis_Island|ref157	Rh	372	372	60	38.7500	1.2604	6891.2563
nifX	nifX|NZ_CP141049|NZ_CP141049_-_Symbiosis_Island|ref157	Ro	366	366	65	50.3125	1.3646	6390.8146
nifX	nifX|NZ_HG938357|NZ_HG938357_-_Symbiosis_Island_2|ref158	BLAN	12	12	0	0.0000	0.0000	0.4096
nifX	nifX|NZ_HG938357|NZ_HG938357_-_Symbiosis_Island_2|ref158	No	366	366	0	0.0000	0.0000	273.8956
nifX	nifX|NZ_HG938357|NZ_HG938357_-_Symbiosis_Island_2|ref158	Rh	372	372	0	0.0000	0.0000	87.1506
nifX	nifX|NZ_HG938357|NZ_HG938357_-_Symbiosis_Island_2|ref158	Ro	366	366	0	0.0000	0.0000	3.7390
nifZ	nifZ|CU633751|CU633751_-_Symbiosis_Island|ref159	BLAN	12	12	0	0.0000	0.0000	0.0000
nifZ	nifZ|CU633751|CU633751_-_Symbiosis_Island|ref159	No	366	366	12	0.0000	0.0000	7878.5196
nifZ	nifZ|CU633751|CU633751_-_Symbiosis_Island|ref159	Rh	372	372	8	0.0000	0.0000	568.4608
nifZ	nifZ|CU633751|CU633751_-_Symbiosis_Island|ref159	Ro	366	366	15	0.0000	0.0000	6422.6544
nifZ	nifZ|NC_002678|NC_002678_-_Symbiosis_Island_1|ref160	BLAN	12	12	0	0.0000	0.0000	1.5413
nifZ	nifZ|NC_002678|NC_002678_-_Symbiosis_Island_1|ref160	No	366	366	18	6.1162	0.2446	5345.5321
nifZ	nifZ|NC_002678|NC_002678_-_Symbiosis_Island_1|ref160	Rh	372	372	2	7.9511	0.4251	3253.5627
nifZ	nifZ|NC_002678|NC_002678_-_Symbiosis_Island_1|ref160	Ro	366	366	3	6.1162	0.2569	3225.3394
nifZ	nifZ|NC_007777|NC_007777_-_Symbiosis_Island|ref161	BLAN	12	12	0	5.4167	0.3195	162.5889
nifZ	nifZ|NC_007777|NC_007777_-_Symbiosis_Island|ref161	No	366	366	0	5.2778	0.2111	2435.3917
nifZ	nifZ|NC_007777|NC_007777_-_Symbiosis_Island|ref161	Rh	372	372	0	5.2778	0.2222	104.4917
nifZ	nifZ|NC_007777|NC_007777_-_Symbiosis_Island|ref161	Ro	366	366	0	5.2778	0.1056	56.9917
nifZ	nifZ|NC_008278|NC_008278_-_Symbiosis_Island|ref162	BLAN	12	12	0	23.5791	1.8710	796.3825
nifZ	nifZ|NC_008278|NC_008278_-_Symbiosis_Island|ref162	No	366	366	8	21.7358	1.6736	5507.6713
nifZ	nifZ|NC_008278|NC_008278_-_Symbiosis_Island|ref162	Rh	372	372	1	21.1981	3.7527	1167.8971
nifZ	nifZ|NC_008278|NC_008278_-_Symbiosis_Island|ref162	Ro	366	366	1	17.7419	1.3011	446.1521
nifZ	nifZ|NC_009937|NC_009937_-_Symbiosis_Island_2|ref163	BLAN	12	12	0	10.9477	0.3481	88.2778
nifZ	nifZ|NC_009937|NC_009937_-_Symbiosis_Island_2|ref163	No	366	366	0	12.7451	1.0359	734.1013
nifZ	nifZ|NC_009937|NC_009937_-_Symbiosis_Island_2|ref163	Rh	372	372	2	6.5359	0.1764	430.5686
nifZ	nifZ|NC_009937|NC_009937_-_Symbiosis_Island_2|ref163	Ro	366	366	2	3.7582	0.0654	306.8301
nifZ	nifZ|NC_009937|NC_009937_-_Symbiosis_Island_2|ref164	BLAN	12	12	0	0.0000	0.0000	0.6625
nifZ	nifZ|NC_009937|NC_009937_-_Symbiosis_Island_2|ref164	No	366	366	0	0.0000	0.0000	60.5208
nifZ	nifZ|NC_009937|NC_009937_-_Symbiosis_Island_2|ref164	Rh	372	372	0	0.0000	0.0000	11.0625
nifZ	nifZ|NC_009937|NC_009937_-_Symbiosis_Island_2|ref164	Ro	366	366	0	0.0000	0.0000	6.6500
nifZ	nifZ|NC_011894|NC_011894_-_Symbiosis_Island_2|ref165	BLAN	12	12	0	6.2092	0.1242	8.0980
nifZ	nifZ|NC_011894|NC_011894_-_Symbiosis_Island_2|ref165	No	366	366	0	0.0000	0.0000	225.7353
nifZ	nifZ|NC_011894|NC_011894_-_Symbiosis_Island_2|ref165	Rh	372	372	0	6.2092	0.1242	154.5621
nifZ	nifZ|NC_011894|NC_011894_-_Symbiosis_Island_2|ref165	Ro	366	366	0	0.0000	0.0000	20.0294
nifZ	nifZ|NC_014120|NC_014120_-_Symbiosis_Island_2|ref166	BLAN	12	12	0	4.7771	0.1868	4.0892
nifZ	nifZ|NC_014120|NC_014120_-_Symbiosis_Island_2|ref166	No	366	366	0	0.0000	0.0000	116.6115
nifZ	nifZ|NC_014120|NC_014120_-_Symbiosis_Island_2|ref166	Rh	372	372	0	4.4586	0.3769	120.9703
nifZ	nifZ|NC_014120|NC_014120_-_Symbiosis_Island_2|ref166	Ro	366	366	0	0.0000	0.0000	52.5138
nifZ	nifZ|NC_015656|NC_015656_-_Symbiosis_Island|ref167	BLAN	12	12	0	0.0000	0.0000	33.4242
nifZ	nifZ|NC_015656|NC_015656_-_Symbiosis_Island|ref167	No	366	366	7	0.0000	0.0000	7395.9731
nifZ	nifZ|NC_015656|NC_015656_-_Symbiosis_Island|ref167	Rh	372	372	4	0.0000	0.0000	1163.8653
nifZ	nifZ|NC_015656|NC_015656_-_Symbiosis_Island|ref167	Ro	366	366	4	0.0000	0.0000	7381.0202
nifZ	nifZ|NC_017249|NC_017249_-_Symbiosis_Island|ref168	BLAN	12	12	6	93.3333	36.3127	7041.2825
nifZ	nifZ|NC_017249|NC_017249_-_Symbiosis_Island|ref168	No	366	366	166	81.2698	85.2047	7876.4413
nifZ	nifZ|NC_017249|NC_017249_-_Symbiosis_Island|ref168	Rh	372	372	75	67.9365	41.6810	5730.8889
nifZ	nifZ|NC_017249|NC_017249_-_Symbiosis_Island|ref168	Ro	366	366	81	73.3333	7.2524	3922.0381
nifZ	nifZ|NZ_CP141049|NZ_CP141049_-_Symbiosis_Island_2|ref169	BLAN	12	12	0	6.5749	0.4893	17.2752
nifZ	nifZ|NZ_CP141049|NZ_CP141049_-_Symbiosis_Island_2|ref169	No	366	366	71	59.4801	1.5413	6647.0306
nifZ	nifZ|NZ_CP141049|NZ_CP141049_-_Symbiosis_Island_2|ref169	Rh	372	372	32	24.6177	0.5810	6505.5994
nifZ	nifZ|NZ_CP141049|NZ_CP141049_-_Symbiosis_Island_2|ref169	Ro	366	366	38	33.6391	0.6468	5174.1101
nodA	nodA|CU633751|CU633751_-_Symbiosis_Island|ref170	BLAN	12	12	0	0.0000	0.0000	0.1481
nodA	nodA|CU633751|CU633751_-_Symbiosis_Island|ref170	No	366	366	8	0.0000	0.0000	7938.4495
nodA	nodA|CU633751|CU633751_-_Symbiosis_Island|ref170	Rh	372	372	8	0.0000	0.0000	350.0269
nodA	nodA|CU633751|CU633751_-_Symbiosis_Island|ref170	Ro	366	366	10	0.0000	0.0000	5892.5707
nodA	nodA|NC_002678|NC_002678_-_Symbiosis_Island_4|ref171	BLAN	12	12	0	6.0606	0.2357	717.3148
nodA	nodA|NC_002678|NC_002678_-_Symbiosis_Island_4|ref171	No	366	366	0	3.1987	0.1255	1825.9697
nodA	nodA|NC_002678|NC_002678_-_Symbiosis_Island_4|ref171	Rh	372	372	0	0.0000	0.0000	1374.3822
nodA	nodA|NC_002678|NC_002678_-_Symbiosis_Island_4|ref171	Ro	366	366	0	0.0000	0.0000	277.4242
nodA	nodA|NC_009937|NC_009937_-_Symbiosis_Island|ref172	BLAN	12	12	0	0.0000	0.0000	0.4264
nodA	nodA|NC_009937|NC_009937_-_Symbiosis_Island|ref172	No	366	366	0	0.0000	0.0000	11.6701
nodA	nodA|NC_009937|NC_009937_-_Symbiosis_Island|ref172	Rh	372	372	0	0.0000	0.0000	4.1404
nodA	nodA|NC_009937|NC_009937_-_Symbiosis_Island|ref172	Ro	366	366	0	0.0000	0.0000	1.2995
nodA	nodA|NC_011894|NC_011894_-_Symbiosis_Island_3|ref173	BLAN	12	12	0	3.0232	0.0883	0.7829
nodA	nodA|NC_011894|NC_011894_-_Symbiosis_Island_3|ref173	No	366	366	0	4.7287	0.1396	1345.1953
nodA	nodA|NC_011894|NC_011894_-_Symbiosis_Island_3|ref173	Rh	372	372	0	0.0000	0.0000	584.2171
nodA	nodA|NC_011894|NC_011894_-_Symbiosis_Island_3|ref173	Ro	366	366	0	0.0000	0.0000	705.6729
nodA	nodA|NC_012848|NC_012848_-_Symbiosis_Island|ref174	BLAN	12	12	8	100.0000	26.4002	7945.4518
nodA	nodA|NC_012848|NC_012848_-_Symbiosis_Island|ref174	No	366	366	19	3.3841	0.2724	7908.7310
nodA	nodA|NC_012848|NC_012848_-_Symbiosis_Island|ref174	Rh	372	372	14	3.2149	0.1286	4168.2572
nodA	nodA|NC_012848|NC_012848_-_Symbiosis_Island|ref174	Ro	366	366	13	0.0000	0.0000	566.8866
nodA	nodA|NC_014120|NC_014120_-_Symbiosis_Island_4|ref175	BLAN	12	12	0	0.0000	0.0000	0.3959
nodA	nodA|NC_014120|NC_014120_-_Symbiosis_Island_4|ref175	No	366	366	0	0.0000	0.0000	2271.6751
nodA	nodA|NC_014120|NC_014120_-_Symbiosis_Island_4|ref175	Rh	372	372	0	0.0000	0.0000	170.6548
nodA	nodA|NC_014120|NC_014120_-_Symbiosis_Island_4|ref175	Ro	366	366	0	0.0000	0.0000	1087.2301
nodA	nodA|NC_015656|NC_015656_-_Symbiosis_Island_2|ref176	BLAN	12	12	0	1.6323	0.0653	0.4845
nodA	nodA|NC_015656|NC_015656_-_Symbiosis_Island_2|ref176	No	366	366	14	0.0000	0.0000	7945.6134
nodA	nodA|NC_015656|NC_015656_-_Symbiosis_Island_2|ref176	Rh	372	372	7	0.0000	0.0000	2119.4674
nodA	nodA|NC_015656|NC_015656_-_Symbiosis_Island_2|ref176	Ro	366	366	5	0.0000	0.0000	7935.3007
nodA	nodA|NC_017249|NC_017249_-_Symbiosis_Island_2|ref177	BLAN	12	12	4	87.6778	4.2630	6258.5987
nodA	nodA|NC_017249|NC_017249_-_Symbiosis_Island_2|ref177	No	366	366	91	63.0332	12.2219	7903.8104
nodA	nodA|NC_017249|NC_017249_-_Symbiosis_Island_2|ref177	Rh	372	372	44	47.2354	1.5680	7140.0063
nodA	nodA|NC_017249|NC_017249_-_Symbiosis_Island_2|ref177	Ro	366	366	42	54.1074	1.6951	5556.8167
nodA	nodA|NC_019848|NC_019848_-_Symbiosis_Island_4|ref178	BLAN	12	12	12	100.0000	23.5855	994.4332
nodA	nodA|NC_019848|NC_019848_-_Symbiosis_Island_4|ref178	No	366	366	57	6.7682	0.3934	7936.1607
nodA	nodA|NC_019848|NC_019848_-_Symbiosis_Island_4|ref178	Rh	372	372	43	4.3993	0.3561	7661.7090
nodA	nodA|NC_019848|NC_019848_-_Symbiosis_Island_4|ref178	Ro	366	366	51	3.3841	0.2707	7919.5651
nodA	nodA|NZ_CP141049|NZ_CP141049_-_Symbiosis_Island_3|ref179	BLAN	12	12	0	3.0159	0.0920	0.9937
nodA	nodA|NZ_CP141049|NZ_CP141049_-_Symbiosis_Island_3|ref179	No	366	366	0	0.0000	0.0000	2374.0889
nodA	nodA|NZ_CP141049|NZ_CP141049_-_Symbiosis_Island_3|ref179	Rh	372	372	0	0.0000	0.0000	1633.4175
nodA	nodA|NZ_CP141049|NZ_CP141049_-_Symbiosis_Island_3|ref179	Ro	366	366	0	0.0000	0.0000	937.8571
nodA	nodA|NZ_HG938357|NZ_HG938357_-_Symbiosis_Island_2|ref180	BLAN	12	12	0	0.0000	0.0000	0.4839
nodA	nodA|NZ_HG938357|NZ_HG938357_-_Symbiosis_Island_2|ref180	No	366	366	0	0.0000	0.0000	1.9289
nodA	nodA|NZ_HG938357|NZ_HG938357_-_Symbiosis_Island_2|ref180	Rh	372	372	0	0.0000	0.0000	1.6108
nodA	nodA|NZ_HG938357|NZ_HG938357_-_Symbiosis_Island_2|ref180	Ro	366	366	0	0.0000	0.0000	2.8985
nodB	nodB|CU633751|CU633751_-_Symbiosis_Island|ref181	BLAN	12	12	0	1.3361	0.0267	24.2166
nodB	nodB|CU633751|CU633751_-_Symbiosis_Island|ref181	No	366	366	20	3.1646	0.0844	7928.1632
nodB	nodB|CU633751|CU633751_-_Symbiosis_Island|ref181	Rh	372	372	9	0.0000	0.0000	627.8748
nodB	nodB|CU633751|CU633751_-_Symbiosis_Island|ref181	Ro	366	366	14	0.0000	0.0000	6834.3361
nodB	nodB|NC_002678|NC_002678_-_nodB_CDS|ref182	BLAN	12	12	0	1.4394	0.0576	1.9333
nodB	nodB|NC_002678|NC_002678_-_nodB_CDS|ref182	No	366	366	2	0.0000	0.0000	3929.0288
nodB	nodB|NC_002678|NC_002678_-_nodB_CDS|ref182	Rh	372	372	1	0.0000	0.0000	4530.5894
nodB	nodB|NC_002678|NC_002678_-_nodB_CDS|ref182	Ro	366	366	1	0.0000	0.0000	2204.3091
nodB	nodB|NC_011894|NC_011894_-_Symbiosis_Island_3|ref183	BLAN	12	12	0	0.3788	0.0076	0.9909
nodB	nodB|NC_011894|NC_011894_-_Symbiosis_Island_3|ref183	No	366	366	0	6.4394	0.2000	2566.9652
nodB	nodB|NC_011894|NC_011894_-_Symbiosis_Island_3|ref183	Rh	372	372	0	0.0000	0.0000	868.2803
nodB	nodB|NC_011894|NC_011894_-_Symbiosis_Island_3|ref183	Ro	366	366	0	0.0000	0.0000	1648.7500
nodB	nodB|NC_012848|NC_012848_-_Symbiosis_Island|ref184	BLAN	12	12	10	100.0000	37.7824	7815.4851
nodB	nodB|NC_012848|NC_012848_-_Symbiosis_Island|ref184	No	366	366	15	0.0000	0.0000	7661.6056
nodB	nodB|NC_012848|NC_012848_-_Symbiosis_Island|ref184	Rh	372	372	18	0.0000	0.0000	4461.6870
nodB	nodB|NC_012848|NC_012848_-_Symbiosis_Island|ref184	Ro	366	366	13	0.0000	0.0000	706.6213
nodB	nodB|NC_014120|NC_014120_-_Symbiosis_Island_4|ref185	BLAN	12	12	0	0.0000	0.0000	0.2035
nodB	nodB|NC_014120|NC_014120_-_Symbiosis_Island_4|ref185	No	366	366	0	0.0000	0.0000	6.4794
nodB	nodB|NC_014120|NC_014120_-_Symbiosis_Island_4|ref185	Rh	372	372	0	0.0000	0.0000	0.8142
nodB	nodB|NC_014120|NC_014120_-_Symbiosis_Island_4|ref185	Ro	366	366	0	0.0000	0.0000	1.7375
nodB	nodB|NC_015656|NC_015656_-_Symbiosis_Island_2|ref186	BLAN	12	12	0	2.7311	0.1092	0.6050
nodB	nodB|NC_015656|NC_015656_-_Symbiosis_Island_2|ref186	No	366	366	14	0.0000	0.0000	7907.1695
nodB	nodB|NC_015656|NC_015656_-_Symbiosis_Island_2|ref186	Rh	372	372	9	2.6611	0.0560	2857.1653
nodB	nodB|NC_015656|NC_015656_-_Symbiosis_Island_2|ref186	Ro	366	366	8	0.0000	0.0000	7566.9496
nodB	nodB|NC_015656|NC_015656_-_Symbiosis_Island_3|ref187	BLAN	12	12	0	0.0000	0.0000	0.5258
nodB	nodB|NC_015656|NC_015656_-_Symbiosis_Island_3|ref187	No	366	366	6	2.2300	0.0892	7936.2113
nodB	nodB|NC_015656|NC_015656_-_Symbiosis_Island_3|ref187	Rh	372	372	7	2.2300	0.0457	3559.3920
nodB	nodB|NC_015656|NC_015656_-_Symbiosis_Island_3|ref187	Ro	366	366	7	0.0000	0.0000	7925.5904
nodB	nodB|NC_017249|NC_017249_-_Symbiosis_Island_2|ref188	BLAN	12	12	5	100.0000	4.7947	6896.4667
nodB	nodB|NC_017249|NC_017249_-_Symbiosis_Island_2|ref188	No	366	366	88	64.5455	10.1546	7918.7258
nodB	nodB|NC_017249|NC_017249_-_Symbiosis_Island_2|ref188	Rh	372	372	44	47.9545	1.6485	7373.6167
nodB	nodB|NC_017249|NC_017249_-_Symbiosis_Island_2|ref188	Ro	366	366	50	55.4545	1.8916	6124.7939
nodB	nodB|NC_019848|NC_019848_-_Symbiosis_Island_4|ref189	BLAN	12	12	12	100.0000	20.6643	1297.0505
nodB	nodB|NC_019848|NC_019848_-_Symbiosis_Island_4|ref189	No	366	366	54	9.9388	0.4587	7914.7936
nodB	nodB|NC_019848|NC_019848_-_Symbiosis_Island_4|ref189	Rh	372	372	43	3.7462	0.1636	7610.0199
nodB	nodB|NC_019848|NC_019848_-_Symbiosis_Island_4|ref189	Ro	366	366	51	3.0581	0.0658	7821.9220
nodB	nodB|NZ_CP141049|NZ_CP141049_-_Symbiosis_Island_3|ref190	BLAN	12	12	0	2.8788	0.0576	0.8030
nodB	nodB|NZ_CP141049|NZ_CP141049_-_Symbiosis_Island_3|ref190	No	366	366	1	6.5152	0.1621	2915.9439
nodB	nodB|NZ_CP141049|NZ_CP141049_-_Symbiosis_Island_3|ref190	Rh	372	372	0	0.2273	0.0220	1265.5727
nodB	nodB|NZ_CP141049|NZ_CP141049_-_Symbiosis_Island_3|ref190	Ro	366	366	0	0.0000	0.0000	1657.7409
nodB	nodB|NZ_HG938357|NZ_HG938357_-_Symbiosis_Island_2|ref191	BLAN	12	12	0	1.5650	0.0328	2.1847
nodB	nodB|NZ_HG938357|NZ_HG938357_-_Symbiosis_Island_2|ref191	No	366	366	0	0.0000	0.0000	332.3725
nodB	nodB|NZ_HG938357|NZ_HG938357_-_Symbiosis_Island_2|ref191	Rh	372	372	0	0.0000	0.0000	8.7418
nodB	nodB|NZ_HG938357|NZ_HG938357_-_Symbiosis_Island_2|ref191	Ro	366	366	0	0.0000	0.0000	25.2692
nodC	nodC|CU633751|CU633751_-_Symbiosis_Island|ref192	BLAN	12	12	0	0.0000	0.0000	0.4834
nodC	nodC|CU633751|CU633751_-_Symbiosis_Island|ref192	No	366	366	13	0.0000	0.0000	7938.2594
nodC	nodC|CU633751|CU633751_-_Symbiosis_Island|ref192	Rh	372	372	8	0.0000	0.0000	424.9704
nodC	nodC|CU633751|CU633751_-_Symbiosis_Island|ref192	Ro	366	366	10	0.0000	0.0000	6872.7783
nodC	nodC|NC_002678|NC_002678_-_Symbiosis_Island_4|ref193	BLAN	12	12	0	1.6079	0.0412	0.3969
nodC	nodC|NC_002678|NC_002678_-_Symbiosis_Island_4|ref193	No	366	366	0	9.4902	0.2338	1500.8878
nodC	nodC|NC_002678|NC_002678_-_Symbiosis_Island_4|ref193	Rh	372	372	0	1.5686	0.0322	961.9075
nodC	nodC|NC_002678|NC_002678_-_Symbiosis_Island_4|ref193	Ro	366	366	0	1.4902	0.0212	198.9161
nodC	nodC|NC_009937|NC_009937_-_Symbiosis_Island|ref194	BLAN	12	12	0	0.0000	0.0000	0.2228
nodC	nodC|NC_009937|NC_009937_-_Symbiosis_Island|ref194	No	366	366	0	0.0000	0.0000	158.4238
nodC	nodC|NC_009937|NC_009937_-_Symbiosis_Island|ref194	Rh	372	372	0	0.0000	0.0000	62.1399
nodC	nodC|NC_009937|NC_009937_-_Symbiosis_Island|ref194	Ro	366	366	0	0.0000	0.0000	14.7454
nodC	nodC|NC_011894|NC_011894_-_Symbiosis_Island_3|ref195	BLAN	12	12	0	9.4502	0.3320	31.6309
nodC	nodC|NC_011894|NC_011894_-_Symbiosis_Island_3|ref195	No	366	366	0	19.6908	4.6004	3990.0735
nodC	nodC|NC_011894|NC_011894_-_Symbiosis_Island_3|ref195	Rh	372	372	0	10.5498	0.2460	2780.4612
nodC	nodC|NC_011894|NC_011894_-_Symbiosis_Island_3|ref195	Ro	366	366	0	12.4742	0.2876	1416.5711
nodC	nodC|NC_012848|NC_012848_-_Symbiosis_Island|ref196	BLAN	12	12	10	100.0000	26.5433	7815.7705
nodC	nodC|NC_012848|NC_012848_-_Symbiosis_Island|ref196	No	366	366	20	8.0406	0.9052	7837.1678
nodC	nodC|NC_012848|NC_012848_-_Symbiosis_Island|ref196	Rh	372	372	19	3.4348	0.2490	3779.0664
nodC	nodC|NC_012848|NC_012848_-_Symbiosis_Island|ref196	Ro	366	366	18	4.6058	0.1791	480.9368
nodC	nodC|NC_014120|NC_014120_-_Symbiosis_Island_4|ref197	BLAN	12	12	0	1.4509	0.0432	1.6682
nodC	nodC|NC_014120|NC_014120_-_Symbiosis_Island_4|ref197	No	366	366	0	2.4182	0.1035	2677.3170
nodC	nodC|NC_014120|NC_014120_-_Symbiosis_Island_4|ref197	Rh	372	372	0	0.0000	0.0000	401.5357
nodC	nodC|NC_014120|NC_014120_-_Symbiosis_Island_4|ref197	Ro	366	366	0	0.0000	0.0000	2223.8356
nodC	nodC|NC_015656|NC_015656_-_Symbiosis_Island_3|ref198	BLAN	12	12	0	3.0061	0.1039	0.6728
nodC	nodC|NC_015656|NC_015656_-_Symbiosis_Island_3|ref198	No	366	366	20	4.0716	0.2458	7904.8813
nodC	nodC|NC_015656|NC_015656_-_Symbiosis_Island_3|ref198	Rh	372	372	10	2.8158	0.0959	2129.4642
nodC	nodC|NC_015656|NC_015656_-_Symbiosis_Island_3|ref198	Ro	366	366	10	1.5221	0.0791	7780.4307
nodC	nodC|NC_017249|NC_017249_-_Symbiosis_Island_2|ref199	BLAN	12	12	5	90.9122	34.0652	6789.8011
nodC	nodC|NC_017249|NC_017249_-_Symbiosis_Island_2|ref199	No	366	366	92	66.8381	27.6787	7938.7209
nodC	nodC|NC_017249|NC_017249_-_Symbiosis_Island_2|ref199	Rh	372	372	47	50.9260	2.6344	6739.2119
nodC	nodC|NC_017249|NC_017249_-_Symbiosis_Island_2|ref199	Ro	366	366	51	59.1221	2.5960	6252.3512
nodC	nodC|NC_019848|NC_019848_-_Symbiosis_Island_4|ref200	BLAN	12	12	11	100.0000	32.1136	1101.7767
nodC	nodC|NC_019848|NC_019848_-_Symbiosis_Island_4|ref200	No	366	366	79	27.8689	5.2522	7937.5425
nodC	nodC|NC_019848|NC_019848_-_Symbiosis_Island_4|ref200	Rh	372	372	54	13.4660	0.6901	7775.5558
nodC	nodC|NC_019848|NC_019848_-_Symbiosis_Island_4|ref200	Ro	366	366	56	13.9345	0.5714	7904.0453
nodC	nodC|NZ_CP141049|NZ_CP141049_-_Symbiosis_Island_3|ref201	BLAN	12	12	0	9.1511	0.1192	14.8154
nodC	nodC|NZ_CP141049|NZ_CP141049_-_Symbiosis_Island_3|ref201	No	366	366	3	26.1682	3.9428	3596.1604
nodC	nodC|NZ_CP141049|NZ_CP141049_-_Symbiosis_Island_3|ref201	Rh	372	372	1	15.2259	0.3711	3140.8474
nodC	nodC|NZ_CP141049|NZ_CP141049_-_Symbiosis_Island_3|ref201	Ro	366	366	0	18.0296	0.4727	2912.4065
nodC	nodC|NZ_HG938357|NZ_HG938357_-_Symbiosis_Island_2|ref202	BLAN	12	12	0	0.0000	0.0000	0.1551
nodC	nodC|NZ_HG938357|NZ_HG938357_-_Symbiosis_Island_2|ref202	No	366	366	0	0.0000	0.0000	179.0415
nodC	nodC|NZ_HG938357|NZ_HG938357_-_Symbiosis_Island_2|ref202	Rh	372	372	0	0.0000	0.0000	12.0399
nodC	nodC|NZ_HG938357|NZ_HG938357_-_Symbiosis_Island_2|ref202	Ro	366	366	0	0.0000	0.0000	74.4009
nodD	nodD|CU633751|CU633751_-_Symbiosis_Island|ref203	BLAN	12	12	0	0.0000	0.0000	0.0000
nodD	nodD|CU633751|CU633751_-_Symbiosis_Island|ref203	No	366	366	12	0.0000	0.0000	7927.3687
nodD	nodD|CU633751|CU633751_-_Symbiosis_Island|ref203	Rh	372	372	10	0.0000	0.0000	415.0600
nodD	nodD|CU633751|CU633751_-_Symbiosis_Island|ref203	Ro	366	366	16	0.0000	0.0000	6491.2529
nodH	nodH|CU633751|CU633751_-_Symbiosis_Island|ref204	BLAN	12	12	0	0.0000	0.0000	0.3695
nodH	nodH|CU633751|CU633751_-_Symbiosis_Island|ref204	No	366	366	12	0.0000	0.0000	7938.5462
nodH	nodH|CU633751|CU633751_-_Symbiosis_Island|ref204	Rh	372	372	8	0.0000	0.0000	440.7122
nodH	nodH|CU633751|CU633751_-_Symbiosis_Island|ref204	Ro	366	366	12	0.0000	0.0000	6953.6801
nodI	nodI|CU633751|CU633751_-_Symbiosis_Island|ref205	BLAN	12	12	0	1.1476	0.0224	1.1825
nodI	nodI|CU633751|CU633751_-_Symbiosis_Island|ref205	No	366	366	14	2.0765	0.0432	7937.1049
nodI	nodI|CU633751|CU633751_-_Symbiosis_Island|ref205	Rh	372	372	10	0.0000	0.0000	420.6055
nodI	nodI|CU633751|CU633751_-_Symbiosis_Island|ref205	Ro	366	366	10	0.0000	0.0000	5945.2885
nodI	nodI|NC_002678|NC_002678_-_Symbiosis_Island_4|ref206	BLAN	12	12	0	16.8605	14.1439	394.4782
nodI	nodI|NC_002678|NC_002678_-_Symbiosis_Island_4|ref206	No	366	366	3	38.2994	24.9934	4452.3110
nodI	nodI|NC_002678|NC_002678_-_Symbiosis_Island_4|ref206	Rh	372	372	2	24.0553	18.3344	4030.3096
nodI	nodI|NC_002678|NC_002678_-_Symbiosis_Island_4|ref206	Ro	366	366	0	24.4913	3.9527	2844.5189
nodI	nodI|NC_011894|NC_011894_-_Symbiosis_Island_3|ref207	BLAN	12	12	0	30.0547	9.5819	426.5891
nodI	nodI|NC_011894|NC_011894_-_Symbiosis_Island_3|ref207	No	366	366	29	42.2404	10.0038	4694.0743
nodI	nodI|NC_011894|NC_011894_-_Symbiosis_Island_3|ref207	Rh	372	372	7	29.4535	15.8432	4408.7377
nodI	nodI|NC_011894|NC_011894_-_Symbiosis_Island_3|ref207	Ro	366	366	6	29.6175	3.4410	4124.8011
nodI	nodI|NC_012848|NC_012848_-_Symbiosis_Island|ref208	BLAN	12	12	6	81.3411	20.7677	6743.2527
nodI	nodI|NC_012848|NC_012848_-_Symbiosis_Island|ref208	No	366	366	8	1.9436	0.0437	7867.4908
nodI	nodI|NC_012848|NC_012848_-_Symbiosis_Island|ref208	Rh	372	372	7	5.0048	0.4684	2448.8882
nodI	nodI|NC_012848|NC_012848_-_Symbiosis_Island|ref208	Ro	366	366	7	1.9436	0.0505	284.4976
nodI	nodI|NC_014120|NC_014120_-_Symbiosis_Island_4|ref209	BLAN	12	12	0	9.0130	0.7069	13.8711
nodI	nodI|NC_014120|NC_014120_-_Symbiosis_Island_4|ref209	No	366	366	0	2.2155	0.2216	2723.8822
nodI	nodI|NC_014120|NC_014120_-_Symbiosis_Island_4|ref209	Rh	372	372	0	3.0212	0.7588	304.7412
nodI	nodI|NC_014120|NC_014120_-_Symbiosis_Island_4|ref209	Ro	366	366	0	2.2155	0.1244	1705.3182
nodI	nodI|NC_017249|NC_017249_-_Symbiosis_Island_2|ref210	BLAN	12	12	7	94.7340	40.9663	5700.7991
nodI	nodI|NC_017249|NC_017249_-_Symbiosis_Island_2|ref210	No	366	366	183	86.5363	56.7134	7916.4028
nodI	nodI|NC_017249|NC_017249_-_Symbiosis_Island_2|ref210	Rh	372	372	108	70.1412	19.7432	7196.5516
nodI	nodI|NC_017249|NC_017249_-_Symbiosis_Island_2|ref210	Ro	366	366	87	72.0955	6.0728	6334.0337
nodI	nodI|NC_019848|NC_019848_-_Symbiosis_Island_4|ref211	BLAN	12	12	12	100.0000	23.6437	1323.3258
nodI	nodI|NC_019848|NC_019848_-_Symbiosis_Island_4|ref211	No	366	366	58	24.5318	1.8923	7936.1339
nodI	nodI|NC_019848|NC_019848_-_Symbiosis_Island_4|ref211	Rh	372	372	44	13.9981	1.7425	7800.3174
nodI	nodI|NC_019848|NC_019848_-_Symbiosis_Island_4|ref211	Ro	366	366	45	17.9775	0.7940	7902.9513
nodI	nodI|NZ_CP141049|NZ_CP141049_-_Symbiosis_Island_3|ref212	BLAN	12	12	0	25.9425	39.9494	519.7550
nodI	nodI|NZ_CP141049|NZ_CP141049_-_Symbiosis_Island_3|ref212	No	366	366	12	26.3889	7.4345	4972.7331
nodI	nodI|NZ_CP141049|NZ_CP141049_-_Symbiosis_Island_3|ref212	Rh	372	372	3	21.3294	12.8611	5096.6419
nodI	nodI|NZ_CP141049|NZ_CP141049_-_Symbiosis_Island_3|ref212	Ro	366	366	2	19.1964	2.2029	3022.3175
nodI	nodI|NZ_HG938357|NZ_HG938357_-_Symbiosis_Island_2|ref213	BLAN	12	12	0	3.2088	0.5393	6.3343
nodI	nodI|NZ_HG938357|NZ_HG938357_-_Symbiosis_Island_2|ref213	No	366	366	0	1.9157	0.1039	393.7730
nodI	nodI|NZ_HG938357|NZ_HG938357_-_Symbiosis_Island_2|ref213	Rh	372	372	0	1.8199	0.1820	55.0670
nodI	nodI|NZ_HG938357|NZ_HG938357_-_Symbiosis_Island_2|ref213	Ro	366	366	0	1.8199	0.0374	73.4856
nodJ	nodJ|CU633751|CU633751_-_Symbiosis_Island|ref214	BLAN	12	12	0	0.0000	0.0000	0.1521
nodJ	nodJ|CU633751|CU633751_-_Symbiosis_Island|ref214	No	366	366	9	0.0000	0.0000	7926.4157
nodJ	nodJ|CU633751|CU633751_-_Symbiosis_Island|ref214	Rh	372	372	7	0.0000	0.0000	382.3054
nodJ	nodJ|CU633751|CU633751_-_Symbiosis_Island|ref214	Ro	366	366	8	0.0000	0.0000	5007.3929
nodL	nodL|NC_019848|NC_019848_-_Symbiosis_Island_5|ref215	BLAN	12	12	10	100.0000	20.9846	787.3333
nodL	nodL|NC_019848|NC_019848_-_Symbiosis_Island_5|ref215	No	366	366	60	17.8442	2.8859	7886.1866
nodL	nodL|NC_019848|NC_019848_-_Symbiosis_Island_5|ref215	Rh	372	372	56	19.7464	4.6096	7338.5996
nodL	nodL|NC_019848|NC_019848_-_Symbiosis_Island_5|ref215	Ro	366	366	45	13.6776	1.4194	7820.1033
nodQ	nodQ|CU633751|CU633751_-_Symbiosis_Island|ref216	BLAN	12	12	0	0.0000	0.0000	0.1933
nodQ	nodQ|CU633751|CU633751_-_Symbiosis_Island|ref216	No	366	366	8	0.0000	0.0000	7946.5783
nodQ	nodQ|CU633751|CU633751_-_Symbiosis_Island|ref216	Rh	372	372	7	0.0000	0.0000	443.8367
nodQ	nodQ|CU633751|CU633751_-_Symbiosis_Island|ref216	Ro	366	366	10	0.0000	0.0000	4944.9800
nodQ	nodQ|NC_019848|NC_019848_-_Symbiosis_Island_4|ref217	BLAN	12	12	12	100.0000	247.9883	1850.5161
nodQ	nodQ|NC_019848|NC_019848_-_Symbiosis_Island_4|ref217	No	366	366	134	48.8058	161.6087	7935.6895
nodQ	nodQ|NC_019848|NC_019848_-_Symbiosis_Island_4|ref217	Rh	372	372	131	46.7550	450.6893	7788.2960
nodQ	nodQ|NC_019848|NC_019848_-_Symbiosis_Island_4|ref217	Ro	366	366	117	46.0280	79.1737	7933.5151
nodS	nodS|CU633751|CU633751_-_Symbiosis_Island|ref218	BLAN	12	12	0	0.0000	0.0000	0.0000
nodS	nodS|CU633751|CU633751_-_Symbiosis_Island|ref218	No	366	366	9	0.0000	0.0000	7934.5994
nodS	nodS|CU633751|CU633751_-_Symbiosis_Island|ref218	Rh	372	372	10	0.0000	0.0000	573.6875
nodS	nodS|CU633751|CU633751_-_Symbiosis_Island|ref218	Ro	366	366	13	0.0000	0.0000	7215.5705
nodS	nodS|NC_002678|NC_002678_-_Symbiosis_Island_4|ref219	BLAN	12	12	0	0.0000	0.0000	9.9340
nodS	nodS|NC_002678|NC_002678_-_Symbiosis_Island_4|ref219	No	366	366	0	0.0000	0.0000	1484.1419
nodS	nodS|NC_002678|NC_002678_-_Symbiosis_Island_4|ref219	Rh	372	372	0	0.0000	0.0000	791.6271
nodS	nodS|NC_002678|NC_002678_-_Symbiosis_Island_4|ref219	Ro	366	366	0	0.0000	0.0000	2701.2657
nodS	nodS|NC_014120|NC_014120_-_Symbiosis_Island_4|ref220	BLAN	12	12	0	0.0000	0.0000	0.1887
nodS	nodS|NC_014120|NC_014120_-_Symbiosis_Island_4|ref220	No	366	366	0	0.0000	0.0000	307.3679
nodS	nodS|NC_014120|NC_014120_-_Symbiosis_Island_4|ref220	Rh	372	372	0	0.0000	0.0000	86.2720
nodS	nodS|NC_014120|NC_014120_-_Symbiosis_Island_4|ref220	Ro	366	366	0	0.0000	0.0000	69.4921
nodS	nodS|NC_017249|NC_017249_-_Symbiosis_Island_2|ref221	BLAN	12	12	5	94.7619	9.5317	6717.0190
nodS	nodS|NC_017249|NC_017249_-_Symbiosis_Island_2|ref221	No	366	366	71	54.0476	2.4651	7905.8952
nodS	nodS|NC_017249|NC_017249_-_Symbiosis_Island_2|ref221	Rh	372	372	36	29.1270	0.8230	7097.6651
nodS	nodS|NC_017249|NC_017249_-_Symbiosis_Island_2|ref221	Ro	366	366	28	40.7143	0.9707	5942.4968
nodU	nodU|CU633751|CU633751_-_Symbiosis_Island|ref222	BLAN	12	12	0	0.5517	0.0111	0.2108
nodU	nodU|CU633751|CU633751_-_Symbiosis_Island|ref222	No	366	366	15	1.9744	0.0726	7940.4849
nodU	nodU|CU633751|CU633751_-_Symbiosis_Island|ref222	Rh	372	372	8	0.0000	0.0000	442.5430
nodU	nodU|CU633751|CU633751_-_Symbiosis_Island|ref222	Ro	366	366	10	0.0000	0.0000	5392.2654
nodU	nodU|NC_009937|NC_009937_-_Symbiosis_Island|ref223	BLAN	12	12	0	0.4159	0.0452	0.4367
nodU	nodU|NC_009937|NC_009937_-_Symbiosis_Island|ref223	No	366	366	0	0.0000	0.0000	105.0475
nodU	nodU|NC_009937|NC_009937_-_Symbiosis_Island|ref223	Rh	372	372	0	1.1289	0.0499	8.7784
nodU	nodU|NC_009937|NC_009937_-_Symbiosis_Island|ref223	Ro	366	366	0	0.0000	0.0000	50.9923
nodU	nodU|NC_014120|NC_014120_-_Symbiosis_Island_4|ref224	BLAN	12	12	0	2.3483	0.0948	1.7245
nodU	nodU|NC_014120|NC_014120_-_Symbiosis_Island_4|ref224	No	366	366	0	4.0092	0.4422	2056.7509
nodU	nodU|NC_014120|NC_014120_-_Symbiosis_Island_4|ref224	Rh	372	372	0	1.9760	0.0839	283.9296
nodU	nodU|NC_014120|NC_014120_-_Symbiosis_Island_4|ref224	Ro	366	366	0	1.7182	0.0704	1226.8814
nodU	nodU|NC_017249|NC_017249_-_Symbiosis_Island_2|ref225	BLAN	12	12	6	94.2105	44.5757	7010.9696
nodU	nodU|NC_017249|NC_017249_-_Symbiosis_Island_2|ref225	No	366	366	156	83.0994	23.1825	7925.5795
nodU	nodU|NC_017249|NC_017249_-_Symbiosis_Island_2|ref225	Rh	372	372	62	61.8713	3.2017	7441.7561
nodU	nodU|NC_017249|NC_017249_-_Symbiosis_Island_2|ref225	Ro	366	366	66	67.6024	3.3579	6138.8737
nodU	nodU|NZ_HG938357|NZ_HG938357_-_Symbiosis_Island|ref226	BLAN	12	12	0	2.4226	0.2399	14.3894
nodU	nodU|NZ_HG938357|NZ_HG938357_-_Symbiosis_Island|ref226	No	366	366	0	2.0432	0.1109	283.8879
nodU	nodU|NZ_HG938357|NZ_HG938357_-_Symbiosis_Island|ref226	Rh	372	372	0	1.1092	0.0887	194.9305
nodU	nodU|NZ_HG938357|NZ_HG938357_-_Symbiosis_Island|ref226	Ro	366	366	0	1.1092	0.0245	237.0625
nodX	nodX|NC_012848|NC_012848_-_nodX_CDS|ref227	BLAN	12	12	10	100.0000	40.1739	7934.0779
nodX	nodX|NC_012848|NC_012848_-_nodX_CDS|ref227	No	366	366	12	0.0000	0.0000	7865.1431
nodX	nodX|NC_012848|NC_012848_-_nodX_CDS|ref227	Rh	372	372	16	0.0000	0.0000	2540.4764
nodX	nodX|NC_012848|NC_012848_-_nodX_CDS|ref227	Ro	366	366	13	0.0000	0.0000	710.8442
nodZ	nodZ|NC_002678|NC_002678_-_nodulation_protein_NodZ_CDS|ref228	BLAN	12	12	0	0.0000	0.0000	5.6818
nodZ	nodZ|NC_002678|NC_002678_-_nodulation_protein_NodZ_CDS|ref228	No	366	366	0	0.0000	0.0000	768.6354
nodZ	nodZ|NC_002678|NC_002678_-_nodulation_protein_NodZ_CDS|ref228	Rh	372	372	0	0.0000	0.0000	59.3040
nodZ	nodZ|NC_002678|NC_002678_-_nodulation_protein_NodZ_CDS|ref228	Ro	366	366	0	0.0000	0.0000	734.8737
nodZ	nodZ|NC_002678|NC_002678_-_nodulation_protein_NodZ_CDS|ref229	BLAN	12	12	0	0.0000	0.0000	0.0000
nodZ	nodZ|NC_002678|NC_002678_-_nodulation_protein_NodZ_CDS|ref229	No	366	366	0	0.0000	0.0000	10.3514
nodZ	nodZ|NC_002678|NC_002678_-_nodulation_protein_NodZ_CDS|ref229	Rh	372	372	0	0.0000	0.0000	24.8378
nodZ	nodZ|NC_002678|NC_002678_-_nodulation_protein_NodZ_CDS|ref229	Ro	366	366	0	0.0000	0.0000	3.9640
nodZ	nodZ|NC_009937|NC_009937_-_Symbiosis_Island|ref230	BLAN	12	12	0	1.9756	0.1641	6.4863
nodZ	nodZ|NC_009937|NC_009937_-_Symbiosis_Island|ref230	No	366	366	0	1.9250	0.0385	20.7508
nodZ	nodZ|NC_009937|NC_009937_-_Symbiosis_Island|ref230	Rh	372	372	0	1.9250	0.1925	14.2462
nodZ	nodZ|NC_009937|NC_009937_-_Symbiosis_Island|ref230	Ro	366	366	0	0.0000	0.0000	12.2675
nodZ	nodZ|NC_017249|NC_017249_-_Symbiosis_Island_2|ref231	BLAN	12	12	4	82.3450	6.0741	6007.7053
nodZ	nodZ|NC_017249|NC_017249_-_Symbiosis_Island_2|ref231	No	366	366	119	78.6613	9.1905	7941.6137
nodZ	nodZ|NC_017249|NC_017249_-_Symbiosis_Island_2|ref231	Rh	372	372	45	52.9200	1.7278	7288.0584
nodZ	nodZ|NC_017249|NC_017249_-_Symbiosis_Island_2|ref231	Ro	366	366	51	57.4124	2.0122	4881.2264
