gene	target_id	no_samples	blank_samples	no_good_samples	blank_good_samples	no_good_fraction	blank_good_fraction	no_median_mean_depth	blank_median_mean_depth	no_median_percent_covered	blank_median_percent_covered	depth_ratio_no_vs_blank	good_fraction_difference	status
nifA	nifA|CU633751|CU633751_-_Symbiosis_Island|ref1	366	12	11	0	0.0301	0.0000	1.0776	0.5978	2.7268	3.5232	1.7895	0.0301	LOW_OR_LIMITED_SIGNAL
nifA	nifA|NC_002678|NC_002678_-_Symbiosis_Island_1|ref2	366	12	0	0	0.0000	0.0000	1.4129	4.2561	6.7859	6.9847	0.3335	0.0000	NOT_SUPPORTED
nifA	nifA|NC_002678|NC_002678_-_nifA_CDS|ref3	366	12	1	0	0.0027	0.0000	35.7532	9.6020	39.8893	29.4581	3.7207	0.0027	LOW_OR_LIMITED_SIGNAL
nifA	nifA|NC_009937|NC_009937_-_nifA_CDS|ref4	366	12	0	0	0.0000	0.0000	35.7906	23.4862	17.0704	21.6551	1.5237	0.0000	NOT_SUPPORTED
nifA	nifA|NC_011894|NC_011894_-_Symbiosis_Island_2|ref5	366	12	0	0	0.0000	0.0000	12.8255	38.1453	14.1112	22.8056	0.3364	0.0000	NOT_SUPPORTED
nifA	nifA|NC_012848|NC_012848_-_Symbiosis_Island|ref6	366	12	8	8	0.0219	0.6667	2.0370	45.0970	6.5559	98.8458	0.0454	-0.6448	LOW_OR_LIMITED_SIGNAL
nifA	nifA|NC_014120|NC_014120_-_Symbiosis_Island|ref7	366	12	0	0	0.0000	0.0000	4.9216	10.7511	8.9253	12.7808	0.4583	0.0000	NOT_SUPPORTED
nifA	nifA|NC_017249|NC_017249_-_Symbiosis_Island_2|ref8	366	12	56	3	0.1530	0.2500	33.1485	5.0509	59.7910	69.0319	6.5520	-0.0970	BIOLOGICAL_SIGNAL_BUT_BLANK_BACKGROUND
nifA	nifA|NC_019848|NC_019848_-_Symbiosis_Island_3|ref9	366	12	42	9	0.1148	0.7500	0.7325	17.6664	9.8401	100.0000	0.0420	-0.6352	LOW_OR_LIMITED_SIGNAL
nifA	nifA|NZ_CP141049|NZ_CP141049_-_Symbiosis_Island_2|ref10	366	12	6	0	0.0164	0.0000	2.5567	1.0852	36.5487	12.0354	2.3434	0.0164	LOW_OR_LIMITED_SIGNAL
nifA	nifA|NZ_HG938357|NZ_HG938357_-_Symbiosis_Island|ref11	366	12	0	0	0.0000	0.0000	0.0246	0.0904	1.1685	2.3985	0.3446	0.0000	NOT_SUPPORTED
nifB	nifB|CU633751|CU633751_-_Symbiosis_Island|ref12	366	12	13	0	0.0355	0.0000	0.1590	0.1663	4.5165	4.6755	0.9583	0.0355	LOW_OR_LIMITED_SIGNAL
nifB	nifB|NC_002678|NC_002678_-_Symbiosis_Island_1|ref13	366	12	24	0	0.0656	0.0000	1.7622	0.3283	23.0769	8.8056	5.2384	0.0656	LOW_OR_LIMITED_SIGNAL
nifB	nifB|NC_007777|NC_007777_-_Symbiosis_Island|ref14	366	12	0	0	0.0000	0.0000	1.4801	0.6269	12.2475	16.1932	2.3396	0.0000	NOT_SUPPORTED
nifB	nifB|NC_008278|NC_008278_-_Symbiosis_Island|ref15	366	12	76	2	0.2077	0.1667	5.5434	1.3634	60.4855	41.9094	4.0434	0.0410	BIOLOGICAL_SIGNAL_BUT_BLANK_BACKGROUND
nifB	nifB|NC_009937|NC_009937_-_Symbiosis_Island_2|ref16	366	12	108	1	0.2951	0.0833	139.9978	12.5497	69.1667	56.7948	11.1474	0.2117	PROMISING
nifB	nifB|NC_011894|NC_011894_-_Symbiosis_Island_2|ref17	366	12	0	0	0.0000	0.0000	1.2495	0.7592	9.0180	10.5878	1.6374	0.0000	NOT_SUPPORTED
nifB	nifB|NC_012848|NC_012848_-_Symbiosis_Island|ref18	366	12	12	9	0.0328	0.7500	0.0282	27.1643	1.2899	100.0000	0.0014	-0.7172	LOW_OR_LIMITED_SIGNAL
nifB	nifB|NC_014120|NC_014120_-_Symbiosis_Island_2|ref19	366	12	0	0	0.0000	0.0000	0.2333	0.5748	3.5335	3.7523	0.4160	0.0000	NOT_SUPPORTED
nifB	nifB|NC_015656|NC_015656_-_Symbiosis_Island|ref20	366	12	4	0	0.0109	0.0000	0.9934	0.8250	9.5110	10.1967	1.2017	0.0109	LOW_OR_LIMITED_SIGNAL
nifB	nifB|NC_017249|NC_017249_-_Symbiosis_Island|ref21	366	12	151	6	0.4126	0.5000	42.2754	13.5023	80.7666	92.7334	3.1294	-0.0874	BIOLOGICAL_SIGNAL_BUT_BLANK_BACKGROUND
nifB	nifB|NC_019848|NC_019848_-_Symbiosis_Island_3|ref22	366	12	55	11	0.1503	0.9167	1.1456	18.9196	13.3401	100.0000	0.0611	-0.7664	LOW_OR_LIMITED_SIGNAL
nifB	nifB|NZ_CP141049|NZ_CP141049_-_Symbiosis_Island_2|ref23	366	12	69	1	0.1885	0.0833	5.8168	0.6113	50.5735	10.6950	9.3776	0.1052	PROMISING
nifB	nifB|NZ_HG938357|NZ_HG938357_-_Symbiosis_Island|ref24	366	12	0	0	0.0000	0.0000	0.0000	0.0000	0.0000	0.0000	1.0000	0.0000	NOT_SUPPORTED
nifD	nifD|CU633751|CU633751_-_Symbiosis_Island|ref25	366	12	14	0	0.0383	0.0000	0.0278	0.0000	1.3918	0.0000	3.7800	0.0383	LOW_OR_LIMITED_SIGNAL
nifD	nifD|NC_002678|NC_002678_-_Symbiosis_Island_3|ref26	366	12	33	0	0.0902	0.0000	7.1242	1.2732	34.2297	16.1354	5.5597	0.0902	LOW_OR_LIMITED_SIGNAL
nifD	nifD|NC_007777|NC_007777_-_Symbiosis_Island|ref27	366	12	20	1	0.0546	0.0833	0.6499	1.2947	11.7728	20.4312	0.5058	-0.0287	LOW_OR_LIMITED_SIGNAL
nifD	nifD|NC_008278|NC_008278_-_Symbiosis_Island|ref28	366	12	137	2	0.3743	0.1667	7.7844	3.7225	90.3833	69.4387	2.0883	0.2077	PROMISING
nifD	nifD|NC_009937|NC_009937_-_Symbiosis_Island_4|ref29	366	12	264	9	0.7213	0.7500	241.8041	58.1773	91.5835	85.8283	4.1558	-0.0287	BIOLOGICAL_SIGNAL_BUT_BLANK_BACKGROUND
nifD	nifD|NC_011894|NC_011894_-_Symbiosis_Island|ref30	366	12	0	0	0.0000	0.0000	5.2997	1.5961	19.4664	13.6364	3.3059	0.0000	NOT_SUPPORTED
nifD	nifD|NC_012848|NC_012848_-_Symbiosis_Island_2|ref31	366	12	16	9	0.0437	0.7500	0.2266	40.2371	2.4140	97.6190	0.0059	-0.7063	LOW_OR_LIMITED_SIGNAL
nifD	nifD|NC_014120|NC_014120_-_Symbiosis_Island_3|ref32	366	12	7	0	0.0191	0.0000	1.9040	0.1011	18.7842	1.6735	17.2277	0.0191	LOW_OR_LIMITED_SIGNAL
nifD	nifD|NC_015656|NC_015656_-_Symbiosis_Island|ref33	366	12	26	0	0.0710	0.0000	0.8761	0.3633	8.2811	8.0028	2.3741	0.0710	LOW_OR_LIMITED_SIGNAL
nifD	nifD|NC_017249|NC_017249_-_Symbiosis_Island|ref34	366	12	263	7	0.7186	0.5833	143.3889	43.4375	100.0000	99.6673	3.3005	0.1352	BIOLOGICAL_SIGNAL_BUT_BLANK_BACKGROUND
nifD	nifD|NC_019848|NC_019848_-_Symbiosis_Island_2|ref35	366	12	84	11	0.2295	0.9167	6.2415	21.9571	32.9341	100.0000	0.2846	-0.6872	LOW_OR_LIMITED_SIGNAL
nifD	nifD|NZ_CP141049|NZ_CP141049_-_Symbiosis_Island|ref36	366	12	133	1	0.3634	0.0833	16.1570	0.8856	73.2867	20.4924	18.0526	0.2801	PROMISING
nifD	nifD|NZ_HG938357|NZ_HG938357_-_Symbiosis_Island_2|ref37	366	12	0	0	0.0000	0.0000	0.1246	0.3836	4.1000	5.3000	0.3421	0.0000	NOT_SUPPORTED
nifE	nifE|CU633751|CU633751_-_Symbiosis_Island|ref38	366	12	12	0	0.0328	0.0000	0.0430	0.0416	1.3858	0.6929	1.0271	0.0328	LOW_OR_LIMITED_SIGNAL
nifE	nifE|NC_002678|NC_002678_-_Symbiosis_Island_3|ref39	366	12	50	0	0.1366	0.0000	1.3095	0.5292	19.9530	8.4507	2.4471	0.1366	PROMISING
nifE	nifE|NC_007777|NC_007777_-_Symbiosis_Island|ref40	366	12	3	0	0.0082	0.0000	0.3768	0.3443	4.0481	3.4646	1.0916	0.0082	LOW_OR_LIMITED_SIGNAL
nifE	nifE|NC_008278|NC_008278_-_Symbiosis_Island|ref41	366	12	68	1	0.1858	0.0833	5.1295	1.6925	59.9562	54.7411	3.0187	0.1025	PROMISING
nifE	nifE|NC_009937|NC_009937_-_Symbiosis_Island_4|ref42	366	12	41	0	0.1120	0.0000	52.9935	4.4628	55.1099	38.9186	11.8500	0.1120	LOW_OR_LIMITED_SIGNAL
nifE	nifE|NC_011894|NC_011894_-_Symbiosis_Island|ref43	366	12	0	0	0.0000	0.0000	0.9470	0.5345	8.1197	10.3222	1.7577	0.0000	NOT_SUPPORTED
nifE	nifE|NC_012848|NC_012848_-_Symbiosis_Island_2|ref44	366	12	15	10	0.0410	0.8333	0.0330	43.7467	1.3167	100.0000	0.0010	-0.7923	LOW_OR_LIMITED_SIGNAL
nifE	nifE|NC_014120|NC_014120_-_Symbiosis_Island|ref45	366	12	0	0	0.0000	0.0000	0.0282	0.0000	1.2718	0.0000	3.8150	0.0000	NOT_SUPPORTED
nifE	nifE|NC_015656|NC_015656_-_Symbiosis_Island|ref46	366	12	7	0	0.0191	0.0000	1.0112	1.1128	6.5442	6.2540	0.9095	0.0191	LOW_OR_LIMITED_SIGNAL
nifE	nifE|NC_017249|NC_017249_-_Symbiosis_Island|ref47	366	12	193	5	0.5273	0.4167	64.5746	7.6122	85.8272	99.2700	8.4732	0.1107	BIOLOGICAL_SIGNAL_BUT_BLANK_BACKGROUND
nifE	nifE|NC_019848|NC_019848_-_Symbiosis_Island_2|ref48	366	12	57	10	0.1557	0.8333	3.3298	17.2009	14.1509	99.6506	0.1941	-0.6776	LOW_OR_LIMITED_SIGNAL
nifE	nifE|NZ_CP141049|NZ_CP141049_-_Symbiosis_Island|ref49	366	12	82	0	0.2240	0.0000	6.6707	0.9148	60.2280	11.6700	7.2235	0.2240	PROMISING
nifE	nifE|NZ_HG938357|NZ_HG938357_-_Symbiosis_Island_2|ref50	366	12	0	0	0.0000	0.0000	0.0797	0.0880	1.3626	1.6073	0.9148	0.0000	NOT_SUPPORTED
nifH	nifH|CU633751|CU633751_-_Symbiosis_Island|ref51	366	12	20	0	0.0546	0.0000	0.2704	0.0635	3.9683	2.4376	3.8150	0.0546	LOW_OR_LIMITED_SIGNAL
nifH	nifH|NC_002678|NC_002678_-_Symbiosis_Island_3|ref52	366	12	83	0	0.2268	0.0000	31.9866	8.1124	58.7249	32.7181	3.9393	0.2268	PROMISING
nifH	nifH|NC_007777|NC_007777_-_Symbiosis_Island|ref53	366	12	33	1	0.0902	0.0833	1.3837	1.0827	26.0996	32.6968	1.2754	0.0068	LOW_OR_LIMITED_SIGNAL
nifH	nifH|NC_008278|NC_008278_-_Symbiosis_Island|ref54	366	12	139	3	0.3798	0.2500	8.2326	7.1760	93.5764	70.3125	1.1471	0.1298	BIOLOGICAL_SIGNAL_BUT_BLANK_BACKGROUND
nifH	nifH|NC_009937|NC_009937_-_Symbiosis_Island_3|ref55	366	12	236	4	0.6448	0.3333	162.9831	33.6605	87.3176	77.6655	4.8408	0.3115	BIOLOGICAL_SIGNAL_BUT_BLANK_BACKGROUND
nifH	nifH|NC_009937|NC_009937_-_Symbiosis_Island_4|ref56	366	12	259	8	0.7077	0.6667	287.3125	72.1936	89.4501	86.1953	3.9793	0.0410	BIOLOGICAL_SIGNAL_BUT_BLANK_BACKGROUND
nifH	nifH|NC_011894|NC_011894_-_Symbiosis_Island|ref57	366	12	2	0	0.0055	0.0000	6.8528	1.7416	31.8889	26.1111	3.9179	0.0055	LOW_OR_LIMITED_SIGNAL
nifH	nifH|NC_012848|NC_012848_-_Symbiosis_Island_2|ref58	366	12	16	9	0.0437	0.7500	0.1424	23.4189	4.5045	100.0000	0.0065	-0.7063	LOW_OR_LIMITED_SIGNAL
nifH	nifH|NC_014120|NC_014120_-_Symbiosis_Island_3|ref59	366	12	14	0	0.0383	0.0000	1.0323	0.0873	15.1361	3.3447	10.7122	0.0383	LOW_OR_LIMITED_SIGNAL
nifH	nifH|NC_015656|NC_015656_-_Symbiosis_Island|ref60	366	12	30	0	0.0820	0.0000	0.3918	0.7177	7.1019	9.2783	0.5522	0.0820	LOW_OR_LIMITED_SIGNAL
nifH	nifH|NC_017249|NC_017249_-_Symbiosis_Island|ref61	366	12	259	6	0.7077	0.5000	141.3842	25.6085	100.0000	100.0000	5.5192	0.2077	BIOLOGICAL_SIGNAL_BUT_BLANK_BACKGROUND
nifH	nifH|NC_019848|NC_019848_-_Symbiosis_Island_2|ref62	366	12	74	12	0.2022	1.0000	5.4026	42.2254	27.1253	100.0000	0.1282	-0.7978	LOW_OR_LIMITED_SIGNAL
nifH	nifH|NZ_CP141049|NZ_CP141049_-_Symbiosis_Island|ref63	366	12	159	1	0.4344	0.0833	199.5666	4.0979	83.5011	42.0581	48.5842	0.3511	PROMISING
nifH	nifH|NZ_HG938357|NZ_HG938357_-_Symbiosis_Island_2|ref64	366	12	0	0	0.0000	0.0000	0.0000	0.1739	0.0000	3.4559	0.0544	0.0000	NOT_SUPPORTED
nifJ	nifJ|NC_007777|NC_007777_-_nifJ_CDS|ref65	366	12	2	0	0.0055	0.0000	1.5546	4.7533	9.7269	18.4727	0.3285	0.0055	LOW_OR_LIMITED_SIGNAL
nifJ	nifJ|NC_008278|NC_008278_-_nifJ_CDS|ref66	366	12	46	1	0.1257	0.0833	3.3489	4.8496	40.8163	37.7976	0.6912	0.0423	LOW_OR_LIMITED_SIGNAL
nifK	nifK|CU633751|CU633751_-_Symbiosis_Island|ref67	366	12	14	0	0.0383	0.0000	0.0420	0.0000	1.4424	0.0000	5.2000	0.0383	LOW_OR_LIMITED_SIGNAL
nifK	nifK|NC_002678|NC_002678_-_Symbiosis_Island_3|ref68	366	12	52	0	0.1421	0.0000	1.7698	0.3084	35.8625	10.2464	5.5907	0.1421	PROMISING
nifK	nifK|NC_007777|NC_007777_-_Symbiosis_Island|ref69	366	12	10	0	0.0273	0.0000	0.8002	0.9640	7.3860	17.8869	0.8319	0.0273	LOW_OR_LIMITED_SIGNAL
nifK	nifK|NC_008278|NC_008278_-_Symbiosis_Island|ref70	366	12	93	0	0.2541	0.0000	4.9584	2.8052	69.4818	54.1907	1.7648	0.2541	BIOLOGICAL_SIGNAL_BUT_BLANK_BACKGROUND
nifK	nifK|NC_009937|NC_009937_-_Symbiosis_Island_4|ref71	366	12	137	0	0.3743	0.0000	66.0407	15.9872	70.9936	53.4295	4.1289	0.3743	PROMISING
nifK	nifK|NC_011894|NC_011894_-_Symbiosis_Island|ref72	366	12	0	0	0.0000	0.0000	4.3457	2.5923	16.9266	13.3203	1.6738	0.0000	NOT_SUPPORTED
nifK	nifK|NC_012848|NC_012848_-_Symbiosis_Island_2|ref73	366	12	15	8	0.0410	0.6667	0.3584	48.0460	5.3490	100.0000	0.0077	-0.6257	LOW_OR_LIMITED_SIGNAL
nifK	nifK|NC_014120|NC_014120_-_Symbiosis_Island_3|ref74	366	12	6	0	0.0164	0.0000	2.4042	0.1817	11.4423	4.0385	12.5904	0.0164	LOW_OR_LIMITED_SIGNAL
nifK	nifK|NC_015656|NC_015656_-_Symbiosis_Island|ref75	366	12	6	0	0.0164	0.0000	0.3130	0.3878	3.8714	5.1837	0.8120	0.0164	LOW_OR_LIMITED_SIGNAL
nifK	nifK|NC_017249|NC_017249_-_Symbiosis_Island|ref76	366	12	244	8	0.6667	0.6667	157.5630	17.7026	99.7110	100.0000	8.8961	0.0000	BIOLOGICAL_SIGNAL_BUT_BLANK_BACKGROUND
nifK	nifK|NC_019848|NC_019848_-_Symbiosis_Island_2|ref77	366	12	58	9	0.1585	0.7500	1.2189	16.9877	30.4799	100.0000	0.0723	-0.5915	LOW_OR_LIMITED_SIGNAL
nifK	nifK|NZ_CP141049|NZ_CP141049_-_Symbiosis_Island|ref78	366	12	97	1	0.2650	0.0833	5.4180	3.5354	66.8612	17.1531	1.5310	0.1817	BIOLOGICAL_SIGNAL_BUT_BLANK_BACKGROUND
nifK	nifK|NZ_HG938357|NZ_HG938357_-_Symbiosis_Island_2|ref79	366	12	0	0	0.0000	0.0000	0.0259	0.0123	1.2322	0.6161	1.6099	0.0000	NOT_SUPPORTED
nifN	nifN|CU633751|CU633751_-_Symbiosis_Island|ref80	366	12	11	0	0.0301	0.0000	0.0000	0.0000	0.0000	0.0000	1.0000	0.0301	LOW_OR_LIMITED_SIGNAL
nifN	nifN|NC_002678|NC_002678_-_Symbiosis_Island_3|ref81	366	12	66	0	0.1803	0.0000	2.0286	0.6895	48.6624	12.9428	2.9145	0.1803	PROMISING
nifN	nifN|NC_009937|NC_009937_-_Symbiosis_Island_4|ref82	366	12	0	0	0.0000	0.0000	3.7938	1.2127	16.9226	11.8787	3.1110	0.0000	NOT_SUPPORTED
nifN	nifN|NC_011894|NC_011894_-_Symbiosis_Island|ref83	366	12	0	0	0.0000	0.0000	1.1059	1.9082	5.6037	7.7007	0.5818	0.0000	NOT_SUPPORTED
nifN	nifN|NC_012848|NC_012848_-_Symbiosis_Island_2|ref84	366	12	11	9	0.0301	0.7500	0.0000	21.6160	0.0000	93.7313	0.0005	-0.7199	LOW_OR_LIMITED_SIGNAL
nifN	nifN|NC_014120|NC_014120_-_Symbiosis_Island|ref85	366	12	0	0	0.0000	0.0000	0.0000	0.0000	0.0000	0.0000	1.0000	0.0000	NOT_SUPPORTED
nifN	nifN|NC_015656|NC_015656_-_Symbiosis_Island|ref86	366	12	5	0	0.0137	0.0000	0.4871	0.5783	4.8132	7.9023	0.8450	0.0137	LOW_OR_LIMITED_SIGNAL
nifN	nifN|NC_017249|NC_017249_-_Symbiosis_Island|ref87	366	12	88	7	0.2404	0.5833	13.8277	18.1238	67.6241	94.1844	0.7631	-0.3429	LOW_OR_LIMITED_SIGNAL
nifN	nifN|NC_019848|NC_019848_-_Symbiosis_Island_4|ref88	366	12	48	12	0.1311	1.0000	0.5516	22.3816	13.6878	100.0000	0.0251	-0.8689	LOW_OR_LIMITED_SIGNAL
nifN	nifN|NZ_CP141049|NZ_CP141049_-_Symbiosis_Island|ref89	366	12	35	0	0.0956	0.0000	0.7697	0.3633	20.8243	7.5199	2.0887	0.0956	LOW_OR_LIMITED_SIGNAL
nifN	nifN|NZ_HG938357|NZ_HG938357_-_Symbiosis_Island_2|ref90	366	12	0	0	0.0000	0.0000	0.0000	0.0000	0.0000	0.0000	1.0000	0.0000	NOT_SUPPORTED
nifQ	nifQ|CU633751|CU633751_-_Symbiosis_Island|ref91	366	12	11	0	0.0301	0.0000	0.0000	0.0000	0.0000	0.0000	1.0000	0.0301	LOW_OR_LIMITED_SIGNAL
nifQ	nifQ|NC_002678|NC_002678_-_nitrogen_fixation_protein_NifQ_CDS|ref92	366	12	0	0	0.0000	0.0000	0.0772	0.0633	2.9321	3.1636	1.1904	0.0000	NOT_SUPPORTED
nifQ	nifQ|NC_009937|NC_009937_-_Symbiosis_Island_3|ref93	366	12	0	0	0.0000	0.0000	1.1220	0.1339	11.2971	2.8592	7.8666	0.0000	NOT_SUPPORTED
nifQ	nifQ|NC_011894|NC_011894_-_Symbiosis_Island|ref94	366	12	0	0	0.0000	0.0000	0.2506	0.2727	2.5840	3.7468	0.9220	0.0000	NOT_SUPPORTED
nifQ	nifQ|NC_014118|NC_014118_-_nitrogen_fixation_protein_NifQ_CDS|ref95	366	12	0	0	0.0000	0.0000	0.0000	0.0714	0.0000	3.5715	0.1228	0.0000	NOT_SUPPORTED
nifQ	nifQ|NC_014120|NC_014120_-_Symbiosis_Island|ref96	366	12	0	0	0.0000	0.0000	0.0000	0.0000	0.0000	0.0000	1.0000	0.0000	NOT_SUPPORTED
nifQ	nifQ|NC_017249|NC_017249_-_Symbiosis_Island|ref97	366	12	25	1	0.0683	0.0833	3.8932	4.0061	44.3834	62.7595	0.9719	-0.0150	LOW_OR_LIMITED_SIGNAL
nifQ	nifQ|NZ_CP141049|NZ_CP141049_-_nitrogen_fixation_protein_NifQ_CDS|ref98	366	12	4	0	0.0109	0.0000	1.0975	0.3549	27.6334	6.7100	3.0345	0.0109	LOW_OR_LIMITED_SIGNAL
nifS	nifS|NC_002678|NC_002678_-_Symbiosis_Island_2|ref99	366	12	2	0	0.0055	0.0000	0.6818	0.5998	12.8879	7.2394	1.1344	0.0055	LOW_OR_LIMITED_SIGNAL
nifS	nifS|NC_009937|NC_009937_-_Symbiosis_Island_2|ref100	366	12	0	0	0.0000	0.0000	1.0366	1.2226	9.3864	13.3700	0.8492	0.0000	NOT_SUPPORTED
nifS	nifS|NC_017249|NC_017249_-_Symbiosis_Island|ref101	366	12	114	6	0.3115	0.5000	12.8866	15.7881	73.7310	92.1320	0.8163	-0.1885	LOW_OR_LIMITED_SIGNAL
nifT	nifT|NC_002678|NC_002678_-_Symbiosis_Island_1|ref102	366	12	4	0	0.0109	0.0000	0.0000	0.0000	0.0000	0.0000	1.0000	0.0109	LOW_OR_LIMITED_SIGNAL
nifT	nifT|NC_009937|NC_009937_-_Symbiosis_Island_2|ref103	366	12	55	0	0.1503	0.0000	0.3653	0.1004	8.6758	5.0229	3.3979	0.1503	PROMISING
nifT	nifT|NC_011894|NC_011894_-_Symbiosis_Island_2|ref104	366	12	0	0	0.0000	0.0000	0.0000	0.0000	0.0000	0.0000	1.0000	0.0000	NOT_SUPPORTED
nifT	nifT|NC_012848|NC_012848_-_Symbiosis_Island|ref105	366	12	3	6	0.0082	0.5000	0.0000	10.2699	0.0000	100.0000	0.0010	-0.4918	LOW_OR_LIMITED_SIGNAL
nifT	nifT|NC_014120|NC_014120_-_Symbiosis_Island_2|ref106	366	12	0	0	0.0000	0.0000	0.0000	0.0000	0.0000	0.0000	1.0000	0.0000	NOT_SUPPORTED
nifT	nifT|NC_017249|NC_017249_-_Symbiosis_Island|ref107	366	12	127	5	0.3470	0.4167	4.6734	11.0534	82.2222	85.1111	0.4233	-0.0697	LOW_OR_LIMITED_SIGNAL
nifT	nifT|NC_019848|NC_019848_-_Symbiosis_Island_3|ref108	366	12	43	10	0.1175	0.8333	0.0000	20.1450	0.0000	100.0000	0.0005	-0.7158	LOW_OR_LIMITED_SIGNAL
nifT	nifT|NZ_CP141049|NZ_CP141049_-_Symbiosis_Island_2|ref109	366	12	78	0	0.2131	0.0000	2.2770	0.0892	60.3286	4.4601	23.0544	0.2131	PROMISING
nifT	nifT|NZ_HG938357|NZ_HG938357_-_Symbiosis_Island|ref110	366	12	0	0	0.0000	0.0000	0.0000	0.0000	0.0000	0.0000	1.0000	0.0000	NOT_SUPPORTED
nifU	nifU|NC_002678|NC_002678_-_NifU_family_protein_CDS|ref111	366	12	305	12	0.8333	1.0000	198.6614	426.3043	95.7895	100.0000	0.4660	-0.1667	LOW_OR_LIMITED_SIGNAL
nifU	nifU|NC_007777|NC_007777_-_NifU_family_protein_CDS|ref112	366	12	0	0	0.0000	0.0000	0.0000	0.0000	0.0000	0.0000	1.0000	0.0000	NOT_SUPPORTED
nifU	nifU|NC_008278|NC_008278_-_NifU_family_protein_CDS|ref113	366	12	14	0	0.0383	0.0000	0.1207	0.6410	3.0166	2.9412	0.2008	0.0383	LOW_OR_LIMITED_SIGNAL
nifU	nifU|NC_009937|NC_009937_-_Symbiosis_Island_2|ref114	366	12	0	0	0.0000	0.0000	0.0000	0.9508	0.0000	6.8421	0.0104	0.0000	NOT_SUPPORTED
nifU	nifU|NC_011894|NC_011894_-_NifU_family_protein_CDS|ref115	366	12	1	1	0.0027	0.0833	1.9468	8.9468	18.9716	23.2270	0.2185	-0.0806	LOW_OR_LIMITED_SIGNAL
nifU	nifU|NC_012850|NC_012850_-_NifU_family_protein_CDS|ref116	366	12	92	11	0.2514	0.9167	20.9162	193.2381	47.7073	100.0000	0.1083	-0.6653	LOW_OR_LIMITED_SIGNAL
nifU	nifU|NC_015656|NC_015656_-_NifU_family_protein_CDS|ref117	366	12	5	0	0.0137	0.0000	0.1706	0.0887	2.2447	3.3109	1.8307	0.0137	LOW_OR_LIMITED_SIGNAL
nifU	nifU|NC_017249|NC_017249_-_NifU_family_protein_CDS|ref118	366	12	336	12	0.9180	1.0000	827.7640	851.9508	99.8246	100.0000	0.9716	-0.0820	LOW_OR_LIMITED_SIGNAL
nifU	nifU|NC_019845|NC_019845_-_NifU_family_protein_CDS|ref119	366	12	68	12	0.1858	1.0000	4.4515	20.8271	43.3862	100.0000	0.2141	-0.8142	LOW_OR_LIMITED_SIGNAL
nifU	nifU|NZ_CP104965|NZ_CP104965_-_NifU_family_protein_CDS|ref120	366	12	6	1	0.0164	0.0833	1.3281	1.7654	10.4938	23.8977	0.7537	-0.0669	LOW_OR_LIMITED_SIGNAL
nifU	nifU|NZ_CP141048|NZ_CP141048_-_NifU_family_protein_CDS|ref121	366	12	9	3	0.0246	0.2500	34.9751	37.3271	53.8324	64.5276	0.9370	-0.2254	LOW_OR_LIMITED_SIGNAL
nifU	nifU|NZ_HG938355|NZ_HG938355_-_NifU_family_protein_CDS|ref122	366	12	21	1	0.0574	0.0833	4.5115	11.4974	37.3016	47.8836	0.3929	-0.0260	LOW_OR_LIMITED_SIGNAL
nifV	nifV|CU633751|CU633751_-_Symbiosis_Island|ref123	366	12	8	0	0.0219	0.0000	0.0000	0.0000	0.0000	0.0000	1.0000	0.0219	LOW_OR_LIMITED_SIGNAL
nifV	nifV|NC_007777|NC_007777_-_Symbiosis_Island|ref124	366	12	1	0	0.0027	0.0000	0.4115	0.8612	3.2419	7.7722	0.4838	0.0027	LOW_OR_LIMITED_SIGNAL
nifV	nifV|NC_008278|NC_008278_-_Symbiosis_Island|ref125	366	12	50	0	0.1366	0.0000	2.7529	1.0616	36.9047	19.9507	2.5783	0.1366	PROMISING
nifV	nifV|NC_009937|NC_009937_-_nifV_CDS|ref126	366	12	0	0	0.0000	0.0000	2.7625	2.6521	8.7917	13.0000	1.0415	0.0000	NOT_SUPPORTED
nifV	nifV|NC_014120|NC_014120_-_Symbiosis_Island_2|ref127	366	12	0	0	0.0000	0.0000	0.0000	0.1036	0.0000	1.7544	0.0881	0.0000	NOT_SUPPORTED
nifV	nifV|NC_015656|NC_015656_-_Symbiosis_Island|ref128	366	12	5	0	0.0137	0.0000	0.3993	0.3016	3.5133	6.1696	1.3133	0.0137	LOW_OR_LIMITED_SIGNAL
nifW	nifW|CU633751|CU633751_-_Symbiosis_Island|ref129	366	12	14	0	0.0383	0.0000	0.0000	0.0000	0.0000	0.0000	1.0000	0.0383	LOW_OR_LIMITED_SIGNAL
nifW	nifW|NC_002678|NC_002678_-_Symbiosis_Island_2|ref130	366	12	4	0	0.0109	0.0000	0.0000	0.0000	0.0000	0.0000	1.0000	0.0109	LOW_OR_LIMITED_SIGNAL
nifW	nifW|NC_007777|NC_007777_-_Symbiosis_Island|ref131	366	12	0	0	0.0000	0.0000	0.4605	0.8486	4.6053	10.5263	0.5480	0.0000	NOT_SUPPORTED
nifW	nifW|NC_008278|NC_008278_-_Symbiosis_Island|ref132	366	12	47	0	0.1284	0.0000	1.0644	0.8548	37.8788	19.0657	1.2424	0.1284	LOW_OR_LIMITED_SIGNAL
nifW	nifW|NC_009937|NC_009937_-_Symbiosis_Island_3|ref133	366	12	0	0	0.0000	0.0000	0.0000	0.1152	0.0000	2.5758	0.0799	0.0000	NOT_SUPPORTED
nifW	nifW|NC_011894|NC_011894_-_nifW_CDS|ref134	366	12	0	0	0.0000	0.0000	0.0000	0.0000	0.0000	0.0000	1.0000	0.0000	NOT_SUPPORTED
nifW	nifW|NC_014120|NC_014120_-_Symbiosis_Island_2|ref135	366	12	0	0	0.0000	0.0000	0.0000	0.0000	0.0000	0.0000	1.0000	0.0000	NOT_SUPPORTED
nifW	nifW|NC_015656|NC_015656_-_Symbiosis_Island|ref136	366	12	6	0	0.0164	0.0000	0.1058	0.2117	5.0265	5.1588	0.5224	0.0164	LOW_OR_LIMITED_SIGNAL
nifW	nifW|NC_017249|NC_017249_-_Symbiosis_Island|ref137	366	12	91	5	0.2486	0.4167	5.1754	9.6228	72.6608	81.5789	0.5383	-0.1680	LOW_OR_LIMITED_SIGNAL
nifW	nifW|NZ_CP141049|NZ_CP141049_-_nifW_CDS|ref138	366	12	32	0	0.0874	0.0000	0.0000	0.0000	0.0000	0.0000	1.0000	0.0874	LOW_OR_LIMITED_SIGNAL
nifX	nifX|CU633751|CU633751_-_Symbiosis_Island|ref139	366	12	11	0	0.0301	0.0000	0.1659	0.0582	2.9112	2.9112	2.5792	0.0301	LOW_OR_LIMITED_SIGNAL
nifX	nifX|NC_002678|NC_002678_-_Symbiosis_Island_3|ref140	366	12	94	1	0.2568	0.0833	2.3373	1.4076	69.4779	14.5582	1.6558	0.1735	BIOLOGICAL_SIGNAL_BUT_BLANK_BACKGROUND
nifX	nifX|NC_002678|NC_002678_-_Symbiosis_Island_3|ref141	366	12	68	1	0.1858	0.0833	1.2719	0.2062	30.0000	6.7708	5.9279	0.1025	PROMISING
nifX	nifX|NC_007777|NC_007777_-_Symbiosis_Island|ref142	366	12	1	0	0.0027	0.0000	0.1825	0.6239	4.2793	9.0091	0.3036	0.0027	LOW_OR_LIMITED_SIGNAL
nifX	nifX|NC_007777|NC_007777_-_Symbiosis_Island|ref143	366	12	0	0	0.0000	0.0000	0.0000	0.1449	0.0000	4.7127	0.0646	0.0000	NOT_SUPPORTED
nifX	nifX|NC_008278|NC_008278_-_Symbiosis_Island|ref144	366	12	52	0	0.1421	0.0000	2.5337	1.7432	47.8603	34.2342	1.4509	0.1421	BIOLOGICAL_SIGNAL_BUT_BLANK_BACKGROUND
nifX	nifX|NC_008278|NC_008278_-_Symbiosis_Island|ref145	366	12	54	0	0.1475	0.0000	1.4410	0.4908	47.6852	16.4352	2.8977	0.1475	PROMISING
nifX	nifX|NC_009937|NC_009937_-_Symbiosis_Island_4|ref146	366	12	0	0	0.0000	0.0000	3.5903	1.1032	29.3548	28.9247	3.2342	0.0000	NOT_SUPPORTED
nifX	nifX|NC_009937|NC_009937_-_Symbiosis_Island_4|ref147	366	12	18	0	0.0492	0.0000	1.8724	0.4836	21.9697	10.2272	3.8137	0.0492	LOW_OR_LIMITED_SIGNAL
nifX	nifX|NC_011894|NC_011894_-_Symbiosis_Island|ref148	366	12	0	0	0.0000	0.0000	0.0000	0.3644	0.0000	4.0373	0.0267	0.0000	NOT_SUPPORTED
nifX	nifX|NC_011894|NC_011894_-_Symbiosis_Island|ref149	366	12	0	0	0.0000	0.0000	0.1921	0.2398	4.0650	5.9959	0.8090	0.0000	NOT_SUPPORTED
nifX	nifX|NC_014120|NC_014120_-_Symbiosis_Island|ref150	366	12	0	0	0.0000	0.0000	0.0000	0.9347	0.0000	4.4289	0.0106	0.0000	NOT_SUPPORTED
nifX	nifX|NC_015656|NC_015656_-_Symbiosis_Island|ref151	366	12	5	0	0.0137	0.0000	0.5638	2.9126	7.8189	12.4486	0.1963	0.0137	LOW_OR_LIMITED_SIGNAL
nifX	nifX|NC_015656|NC_015656_-_Symbiosis_Island|ref152	366	12	8	0	0.0219	0.0000	0.1642	0.4374	4.7619	5.0126	0.3894	0.0219	LOW_OR_LIMITED_SIGNAL
nifX	nifX|NC_017249|NC_017249_-_Symbiosis_Island|ref153	366	12	87	5	0.2377	0.4167	6.0709	13.4785	63.1183	74.6236	0.4508	-0.1790	LOW_OR_LIMITED_SIGNAL
nifX	nifX|NC_017249|NC_017249_-_Symbiosis_Island|ref154	366	12	122	4	0.3333	0.3333	4.1200	2.9622	76.1363	76.3889	1.3895	0.0000	BIOLOGICAL_SIGNAL_BUT_BLANK_BACKGROUND
nifX	nifX|NC_019848|NC_019848_-_Symbiosis_Island_2|ref155	366	12	44	10	0.1202	0.8333	0.0763	20.7741	3.8153	100.0000	0.0042	-0.7131	LOW_OR_LIMITED_SIGNAL
nifX	nifX|NZ_CP141049|NZ_CP141049_-_Symbiosis_Island|ref156	366	12	23	0	0.0628	0.0000	0.1870	0.3648	5.4878	6.3008	0.5256	0.0628	LOW_OR_LIMITED_SIGNAL
nifX	nifX|NZ_CP141049|NZ_CP141049_-_Symbiosis_Island|ref157	366	12	93	1	0.2541	0.0833	2.0364	0.2135	62.0833	6.6667	9.1564	0.1708	PROMISING
nifX	nifX|NZ_HG938357|NZ_HG938357_-_Symbiosis_Island_2|ref158	366	12	0	0	0.0000	0.0000	0.0000	0.0000	0.0000	0.0000	1.0000	0.0000	NOT_SUPPORTED
nifZ	nifZ|CU633751|CU633751_-_Symbiosis_Island|ref159	366	12	12	0	0.0328	0.0000	0.0000	0.0000	0.0000	0.0000	1.0000	0.0328	LOW_OR_LIMITED_SIGNAL
nifZ	nifZ|NC_002678|NC_002678_-_Symbiosis_Island_1|ref160	366	12	18	0	0.0492	0.0000	0.2446	0.0000	6.1162	0.0000	25.4600	0.0492	LOW_OR_LIMITED_SIGNAL
nifZ	nifZ|NC_007777|NC_007777_-_Symbiosis_Island|ref161	366	12	0	0	0.0000	0.0000	0.2111	0.3195	5.2778	5.4167	0.6711	0.0000	NOT_SUPPORTED
nifZ	nifZ|NC_008278|NC_008278_-_Symbiosis_Island|ref162	366	12	8	0	0.0219	0.0000	1.6736	1.8710	21.7358	23.5791	0.8950	0.0219	LOW_OR_LIMITED_SIGNAL
nifZ	nifZ|NC_009937|NC_009937_-_Symbiosis_Island_2|ref163	366	12	0	0	0.0000	0.0000	1.0359	0.3481	12.7451	10.9477	2.9212	0.0000	NOT_SUPPORTED
nifZ	nifZ|NC_009937|NC_009937_-_Symbiosis_Island_2|ref164	366	12	0	0	0.0000	0.0000	0.0000	0.0000	0.0000	0.0000	1.0000	0.0000	NOT_SUPPORTED
nifZ	nifZ|NC_011894|NC_011894_-_Symbiosis_Island_2|ref165	366	12	0	0	0.0000	0.0000	0.0000	0.1242	0.0000	6.2092	0.0745	0.0000	NOT_SUPPORTED
nifZ	nifZ|NC_014120|NC_014120_-_Symbiosis_Island_2|ref166	366	12	0	0	0.0000	0.0000	0.0000	0.1868	0.0000	4.7771	0.0508	0.0000	NOT_SUPPORTED
nifZ	nifZ|NC_015656|NC_015656_-_Symbiosis_Island|ref167	366	12	7	0	0.0191	0.0000	0.0000	0.0000	0.0000	0.0000	1.0000	0.0191	LOW_OR_LIMITED_SIGNAL
nifZ	nifZ|NC_017249|NC_017249_-_Symbiosis_Island|ref168	366	12	166	6	0.4536	0.5000	85.2047	36.3127	81.2698	93.3333	2.3460	-0.0464	BIOLOGICAL_SIGNAL_BUT_BLANK_BACKGROUND
nifZ	nifZ|NZ_CP141049|NZ_CP141049_-_Symbiosis_Island_2|ref169	366	12	71	0	0.1940	0.0000	1.5413	0.4893	59.4801	6.5749	3.1069	0.1940	PROMISING
nodA	nodA|CU633751|CU633751_-_Symbiosis_Island|ref170	366	12	8	0	0.0219	0.0000	0.0000	0.0000	0.0000	0.0000	1.0000	0.0219	LOW_OR_LIMITED_SIGNAL
nodA	nodA|NC_002678|NC_002678_-_Symbiosis_Island_4|ref171	366	12	0	0	0.0000	0.0000	0.1255	0.2357	3.1987	6.0606	0.5513	0.0000	NOT_SUPPORTED
nodA	nodA|NC_009937|NC_009937_-_Symbiosis_Island|ref172	366	12	0	0	0.0000	0.0000	0.0000	0.0000	0.0000	0.0000	1.0000	0.0000	NOT_SUPPORTED
nodA	nodA|NC_011894|NC_011894_-_Symbiosis_Island_3|ref173	366	12	0	0	0.0000	0.0000	0.1396	0.0883	4.7287	3.0232	1.5206	0.0000	NOT_SUPPORTED
nodA	nodA|NC_012848|NC_012848_-_Symbiosis_Island|ref174	366	12	19	8	0.0519	0.6667	0.2724	26.4002	3.3841	100.0000	0.0107	-0.6148	LOW_OR_LIMITED_SIGNAL
nodA	nodA|NC_014120|NC_014120_-_Symbiosis_Island_4|ref175	366	12	0	0	0.0000	0.0000	0.0000	0.0000	0.0000	0.0000	1.0000	0.0000	NOT_SUPPORTED
nodA	nodA|NC_015656|NC_015656_-_Symbiosis_Island_2|ref176	366	12	14	0	0.0383	0.0000	0.0000	0.0653	0.0000	1.6323	0.1328	0.0383	LOW_OR_LIMITED_SIGNAL
nodA	nodA|NC_017249|NC_017249_-_Symbiosis_Island_2|ref177	366	12	91	4	0.2486	0.3333	12.2219	4.2630	63.0332	87.6778	2.8626	-0.0847	BIOLOGICAL_SIGNAL_BUT_BLANK_BACKGROUND
nodA	nodA|NC_019848|NC_019848_-_Symbiosis_Island_4|ref178	366	12	57	12	0.1557	1.0000	0.3934	23.5855	6.7682	100.0000	0.0171	-0.8443	LOW_OR_LIMITED_SIGNAL
nodA	nodA|NZ_CP141049|NZ_CP141049_-_Symbiosis_Island_3|ref179	366	12	0	0	0.0000	0.0000	0.0000	0.0920	0.0000	3.0159	0.0980	0.0000	NOT_SUPPORTED
nodA	nodA|NZ_HG938357|NZ_HG938357_-_Symbiosis_Island_2|ref180	366	12	0	0	0.0000	0.0000	0.0000	0.0000	0.0000	0.0000	1.0000	0.0000	NOT_SUPPORTED
nodB	nodB|CU633751|CU633751_-_Symbiosis_Island|ref181	366	12	20	0	0.0546	0.0000	0.0844	0.0267	3.1646	1.3361	2.5722	0.0546	LOW_OR_LIMITED_SIGNAL
nodB	nodB|NC_002678|NC_002678_-_nodB_CDS|ref182	366	12	2	0	0.0055	0.0000	0.0000	0.0576	0.0000	1.4394	0.1479	0.0055	LOW_OR_LIMITED_SIGNAL
nodB	nodB|NC_011894|NC_011894_-_Symbiosis_Island_3|ref183	366	12	0	0	0.0000	0.0000	0.2000	0.0076	6.4394	0.3788	11.9318	0.0000	NOT_SUPPORTED
nodB	nodB|NC_012848|NC_012848_-_Symbiosis_Island|ref184	366	12	15	10	0.0410	0.8333	0.0000	37.7824	0.0000	100.0000	0.0003	-0.7923	LOW_OR_LIMITED_SIGNAL
nodB	nodB|NC_014120|NC_014120_-_Symbiosis_Island_4|ref185	366	12	0	0	0.0000	0.0000	0.0000	0.0000	0.0000	0.0000	1.0000	0.0000	NOT_SUPPORTED
nodB	nodB|NC_015656|NC_015656_-_Symbiosis_Island_2|ref186	366	12	14	0	0.0383	0.0000	0.0000	0.1092	0.0000	2.7311	0.0839	0.0383	LOW_OR_LIMITED_SIGNAL
nodB	nodB|NC_015656|NC_015656_-_Symbiosis_Island_3|ref187	366	12	6	0	0.0164	0.0000	0.0892	0.0000	2.2300	0.0000	9.9200	0.0164	LOW_OR_LIMITED_SIGNAL
nodB	nodB|NC_017249|NC_017249_-_Symbiosis_Island_2|ref188	366	12	88	5	0.2404	0.4167	10.1546	4.7947	64.5455	100.0000	2.1156	-0.1762	BIOLOGICAL_SIGNAL_BUT_BLANK_BACKGROUND
nodB	nodB|NC_019848|NC_019848_-_Symbiosis_Island_4|ref189	366	12	54	12	0.1475	1.0000	0.4587	20.6643	9.9388	100.0000	0.0227	-0.8525	LOW_OR_LIMITED_SIGNAL
nodB	nodB|NZ_CP141049|NZ_CP141049_-_Symbiosis_Island_3|ref190	366	12	1	0	0.0027	0.0000	0.1621	0.0576	6.5152	2.8788	2.5459	0.0027	LOW_OR_LIMITED_SIGNAL
nodB	nodB|NZ_HG938357|NZ_HG938357_-_Symbiosis_Island_2|ref191	366	12	0	0	0.0000	0.0000	0.0000	0.0328	0.0000	1.5650	0.2334	0.0000	NOT_SUPPORTED
nodC	nodC|CU633751|CU633751_-_Symbiosis_Island|ref192	366	12	13	0	0.0355	0.0000	0.0000	0.0000	0.0000	0.0000	1.0000	0.0355	LOW_OR_LIMITED_SIGNAL
nodC	nodC|NC_002678|NC_002678_-_Symbiosis_Island_4|ref193	366	12	0	0	0.0000	0.0000	0.2338	0.0412	9.4902	1.6079	4.7607	0.0000	NOT_SUPPORTED
nodC	nodC|NC_009937|NC_009937_-_Symbiosis_Island|ref194	366	12	0	0	0.0000	0.0000	0.0000	0.0000	0.0000	0.0000	1.0000	0.0000	NOT_SUPPORTED
nodC	nodC|NC_011894|NC_011894_-_Symbiosis_Island_3|ref195	366	12	0	0	0.0000	0.0000	4.6004	0.3320	19.6908	9.4502	13.4806	0.0000	NOT_SUPPORTED
nodC	nodC|NC_012848|NC_012848_-_Symbiosis_Island|ref196	366	12	20	10	0.0546	0.8333	0.9052	26.5433	8.0406	100.0000	0.0345	-0.7787	LOW_OR_LIMITED_SIGNAL
nodC	nodC|NC_014120|NC_014120_-_Symbiosis_Island_4|ref197	366	12	0	0	0.0000	0.0000	0.1035	0.0432	2.4182	1.4509	2.1345	0.0000	NOT_SUPPORTED
nodC	nodC|NC_015656|NC_015656_-_Symbiosis_Island_3|ref198	366	12	20	0	0.0546	0.0000	0.2458	0.1039	4.0716	3.0061	2.2458	0.0546	LOW_OR_LIMITED_SIGNAL
nodC	nodC|NC_017249|NC_017249_-_Symbiosis_Island_2|ref199	366	12	92	5	0.2514	0.4167	27.6787	34.0652	66.8381	90.9122	0.8126	-0.1653	LOW_OR_LIMITED_SIGNAL
nodC	nodC|NC_019848|NC_019848_-_Symbiosis_Island_4|ref200	366	12	79	11	0.2158	0.9167	5.2522	32.1136	27.8689	100.0000	0.1638	-0.7008	LOW_OR_LIMITED_SIGNAL
nodC	nodC|NZ_CP141049|NZ_CP141049_-_Symbiosis_Island_3|ref201	366	12	3	0	0.0082	0.0000	3.9428	0.1192	26.1682	9.1511	30.6059	0.0082	LOW_OR_LIMITED_SIGNAL
nodC	nodC|NZ_HG938357|NZ_HG938357_-_Symbiosis_Island_2|ref202	366	12	0	0	0.0000	0.0000	0.0000	0.0000	0.0000	0.0000	1.0000	0.0000	NOT_SUPPORTED
nodD	nodD|CU633751|CU633751_-_Symbiosis_Island|ref203	366	12	12	0	0.0328	0.0000	0.0000	0.0000	0.0000	0.0000	1.0000	0.0328	LOW_OR_LIMITED_SIGNAL
nodH	nodH|CU633751|CU633751_-_Symbiosis_Island|ref204	366	12	12	0	0.0328	0.0000	0.0000	0.0000	0.0000	0.0000	1.0000	0.0328	LOW_OR_LIMITED_SIGNAL
nodI	nodI|CU633751|CU633751_-_Symbiosis_Island|ref205	366	12	14	0	0.0383	0.0000	0.0432	0.0224	2.0765	1.1476	1.6404	0.0383	LOW_OR_LIMITED_SIGNAL
nodI	nodI|NC_002678|NC_002678_-_Symbiosis_Island_4|ref206	366	12	3	0	0.0082	0.0000	24.9934	14.1439	38.2994	16.8605	1.7665	0.0082	LOW_OR_LIMITED_SIGNAL
nodI	nodI|NC_011894|NC_011894_-_Symbiosis_Island_3|ref207	366	12	29	0	0.0792	0.0000	10.0038	9.5819	42.2404	30.0547	1.0440	0.0792	LOW_OR_LIMITED_SIGNAL
nodI	nodI|NC_012848|NC_012848_-_Symbiosis_Island|ref208	366	12	8	6	0.0219	0.5000	0.0437	20.7677	1.9436	81.3411	0.0026	-0.4781	LOW_OR_LIMITED_SIGNAL
nodI	nodI|NC_014120|NC_014120_-_Symbiosis_Island_4|ref209	366	12	0	0	0.0000	0.0000	0.2216	0.7069	2.2155	9.0130	0.3230	0.0000	NOT_SUPPORTED
nodI	nodI|NC_017249|NC_017249_-_Symbiosis_Island_2|ref210	366	12	183	7	0.5000	0.5833	56.7134	40.9663	86.5363	94.7340	1.3843	-0.0833	BIOLOGICAL_SIGNAL_BUT_BLANK_BACKGROUND
nodI	nodI|NC_019848|NC_019848_-_Symbiosis_Island_4|ref211	366	12	58	12	0.1585	1.0000	1.8923	23.6437	24.5318	100.0000	0.0804	-0.8415	LOW_OR_LIMITED_SIGNAL
nodI	nodI|NZ_CP141049|NZ_CP141049_-_Symbiosis_Island_3|ref212	366	12	12	0	0.0328	0.0000	7.4345	39.9494	26.3889	25.9425	0.1863	0.0328	LOW_OR_LIMITED_SIGNAL
nodI	nodI|NZ_HG938357|NZ_HG938357_-_Symbiosis_Island_2|ref213	366	12	0	0	0.0000	0.0000	0.1039	0.5393	1.9157	3.2088	0.2074	0.0000	NOT_SUPPORTED
nodJ	nodJ|CU633751|CU633751_-_Symbiosis_Island|ref214	366	12	9	0	0.0246	0.0000	0.0000	0.0000	0.0000	0.0000	1.0000	0.0246	LOW_OR_LIMITED_SIGNAL
nodL	nodL|NC_019848|NC_019848_-_Symbiosis_Island_5|ref215	366	12	60	10	0.1639	0.8333	2.8859	20.9846	17.8442	100.0000	0.1379	-0.6694	LOW_OR_LIMITED_SIGNAL
nodQ	nodQ|CU633751|CU633751_-_Symbiosis_Island|ref216	366	12	8	0	0.0219	0.0000	0.0000	0.0000	0.0000	0.0000	1.0000	0.0219	LOW_OR_LIMITED_SIGNAL
nodQ	nodQ|NC_019848|NC_019848_-_Symbiosis_Island_4|ref217	366	12	134	12	0.3661	1.0000	161.6087	247.9883	48.8058	100.0000	0.6517	-0.6339	LOW_OR_LIMITED_SIGNAL
nodS	nodS|CU633751|CU633751_-_Symbiosis_Island|ref218	366	12	9	0	0.0246	0.0000	0.0000	0.0000	0.0000	0.0000	1.0000	0.0246	LOW_OR_LIMITED_SIGNAL
nodS	nodS|NC_002678|NC_002678_-_Symbiosis_Island_4|ref219	366	12	0	0	0.0000	0.0000	0.0000	0.0000	0.0000	0.0000	1.0000	0.0000	NOT_SUPPORTED
nodS	nodS|NC_014120|NC_014120_-_Symbiosis_Island_4|ref220	366	12	0	0	0.0000	0.0000	0.0000	0.0000	0.0000	0.0000	1.0000	0.0000	NOT_SUPPORTED
nodS	nodS|NC_017249|NC_017249_-_Symbiosis_Island_2|ref221	366	12	71	5	0.1940	0.4167	2.4651	9.5317	54.0476	94.7619	0.2594	-0.2227	LOW_OR_LIMITED_SIGNAL
nodU	nodU|CU633751|CU633751_-_Symbiosis_Island|ref222	366	12	15	0	0.0410	0.0000	0.0726	0.0111	1.9744	0.5517	3.9240	0.0410	LOW_OR_LIMITED_SIGNAL
nodU	nodU|NC_009937|NC_009937_-_Symbiosis_Island|ref223	366	12	0	0	0.0000	0.0000	0.0000	0.0452	0.0000	0.4159	0.1813	0.0000	NOT_SUPPORTED
nodU	nodU|NC_014120|NC_014120_-_Symbiosis_Island_4|ref224	366	12	0	0	0.0000	0.0000	0.4422	0.0948	4.0092	2.3483	4.3169	0.0000	NOT_SUPPORTED
nodU	nodU|NC_017249|NC_017249_-_Symbiosis_Island_2|ref225	366	12	156	6	0.4262	0.5000	23.1825	44.5757	83.0994	94.2105	0.5202	-0.0738	LOW_OR_LIMITED_SIGNAL
nodU	nodU|NZ_HG938357|NZ_HG938357_-_Symbiosis_Island|ref226	366	12	0	0	0.0000	0.0000	0.1109	0.2399	2.0432	2.4226	0.4838	0.0000	NOT_SUPPORTED
nodX	nodX|NC_012848|NC_012848_-_nodX_CDS|ref227	366	12	12	10	0.0328	0.8333	0.0000	40.1739	0.0000	100.0000	0.0002	-0.8005	LOW_OR_LIMITED_SIGNAL
nodZ	nodZ|NC_002678|NC_002678_-_nodulation_protein_NodZ_CDS|ref228	366	12	0	0	0.0000	0.0000	0.0000	0.0000	0.0000	0.0000	1.0000	0.0000	NOT_SUPPORTED
nodZ	nodZ|NC_002678|NC_002678_-_nodulation_protein_NodZ_CDS|ref229	366	12	0	0	0.0000	0.0000	0.0000	0.0000	0.0000	0.0000	1.0000	0.0000	NOT_SUPPORTED
nodZ	nodZ|NC_009937|NC_009937_-_Symbiosis_Island|ref230	366	12	0	0	0.0000	0.0000	0.0385	0.1641	1.9250	1.9756	0.2785	0.0000	NOT_SUPPORTED
nodZ	nodZ|NC_017249|NC_017249_-_Symbiosis_Island_2|ref231	366	12	119	4	0.3251	0.3333	9.1905	6.0741	78.6613	82.3450	1.5122	-0.0082	BIOLOGICAL_SIGNAL_BUT_BLANK_BACKGROUND
