original_reference	bed_start	bed_end	gene	extracted_target_id	strand	target_length
CU633751_Symbiosis_Island_Cupriavidus_taiwanensis_str_LMG19424_plasmid_pRALTA	10556	12188	nifA	nifA|CU633751|CU633751_-_Symbiosis_Island|ref1	+	1632
NC_002678_Symbiosis_Island_1_Mesorhizobium_japonicum_MAFF_303099	2585	4346	nifA	nifA|NC_002678|NC_002678_-_Symbiosis_Island_1|ref2	-	1761
NC_002678_nifA_CDS_Mesorhizobium_japonicum_MAFF_303099	0	1716	nifA	nifA|NC_002678|NC_002678_-_nifA_CDS|ref3	+	1716
NC_009937_nifA_CDS_Azorhizobium_caulinodans_ORS_571	0	1734	nifA	nifA|NC_009937|NC_009937_-_nifA_CDS|ref4	+	1734
NC_011894_Symbiosis_Island_2_Methylobacterium_nodulans_ORS_2060	0	1800	nifA	nifA|NC_011894|NC_011894_-_Symbiosis_Island_2|ref5	+	1800
NC_012848_Symbiosis_Island_Rhizobium_leguminosarum_bv_trifolii_WSM1325_plasmid_pR132501	7344	8427	nifA	nifA|NC_012848|NC_012848_-_Symbiosis_Island|ref6	-	1083
NC_014120_Symbiosis_Island_Paraburkholderia_atlantica_plasmid_pBC201	0	1647	nifA	nifA|NC_014120|NC_014120_-_Symbiosis_Island|ref7	+	1647
NC_017249_Symbiosis_Island_2_Bradyrhizobium_japonicum_USDA_6	0	1818	nifA	nifA|NC_017249|NC_017249_-_Symbiosis_Island_2|ref8	-	1818
NC_019848_Symbiosis_Island_3_Sinorhizobium_meliloti_GR4_plasmid_pRmeGR4c	0	1626	nifA	nifA|NC_019848|NC_019848_-_Symbiosis_Island_3|ref9	+	1626
NZ_CP141049_Symbiosis_Island_2_Microvirga_lotononidis_strain_HAMBI_3237_plasmid_unnamed1	2583	4278	nifA	nifA|NZ_CP141049|NZ_CP141049_-_Symbiosis_Island_2|ref10	-	1695
NZ_HG938357_Symbiosis_Island_Neorhizobium_galegae_bv_officinalis_bv_officinalis_str_HAMBI_1141_plasmid_pHAMBI1141b	0	1626	nifA	nifA|NZ_HG938357|NZ_HG938357_-_Symbiosis_Island|ref11	+	1626
CU633751_Symbiosis_Island_Cupriavidus_taiwanensis_str_LMG19424_plasmid_pRALTA	26953	28525	nifB	nifB|CU633751|CU633751_-_Symbiosis_Island|ref12	+	1572
NC_002678_Symbiosis_Island_1_Mesorhizobium_japonicum_MAFF_303099	853	2335	nifB	nifB|NC_002678|NC_002678_-_Symbiosis_Island_1|ref13	-	1482
NC_007777_Symbiosis_Island_Frankia_casuarinae	0	1584	nifB	nifB|NC_007777|NC_007777_-_Symbiosis_Island|ref14	-	1584
NC_008278_Symbiosis_Island_Frankia_alni_ACN14a	0	1545	nifB	nifB|NC_008278|NC_008278_-_Symbiosis_Island|ref15	-	1545
NC_009937_Symbiosis_Island_2_Azorhizobium_caulinodans_ORS_571	2945	4505	nifB	nifB|NC_009937|NC_009937_-_Symbiosis_Island_2|ref16	+	1560
NC_011894_Symbiosis_Island_2_Methylobacterium_nodulans_ORS_2060	2037	3534	nifB	nifB|NC_011894|NC_011894_-_Symbiosis_Island_2|ref17	+	1497
NC_012848_Symbiosis_Island_Rhizobium_leguminosarum_bv_trifolii_WSM1325_plasmid_pR132501	5629	7102	nifB	nifB|NC_012848|NC_012848_-_Symbiosis_Island|ref18	-	1473
NC_014120_Symbiosis_Island_2_Paraburkholderia_atlantica_plasmid_pBC201	1922	3521	nifB	nifB|NC_014120|NC_014120_-_Symbiosis_Island_2|ref19	+	1599
NC_015656_Symbiosis_Island_Candidatus_Protofrankia_datiscae	0	1677	nifB	nifB|NC_015656|NC_015656_-_Symbiosis_Island|ref20	-	1677
NC_017249_Symbiosis_Island_Bradyrhizobium_japonicum_USDA_6	8012	9512	nifB	nifB|NC_017249|NC_017249_-_Symbiosis_Island|ref21	-	1500
NC_019848_Symbiosis_Island_3_Sinorhizobium_meliloti_GR4_plasmid_pRmeGR4c	1842	3315	nifB	nifB|NC_019848|NC_019848_-_Symbiosis_Island_3|ref22	+	1473
NZ_CP141049_Symbiosis_Island_2_Microvirga_lotononidis_strain_HAMBI_3237_plasmid_unnamed1	859	2341	nifB	nifB|NZ_CP141049|NZ_CP141049_-_Symbiosis_Island_2|ref23	-	1482
NZ_HG938357_Symbiosis_Island_Neorhizobium_galegae_bv_officinalis_bv_officinalis_str_HAMBI_1141_plasmid_pHAMBI1141b	2229	3753	nifB	nifB|NZ_HG938357|NZ_HG938357_-_Symbiosis_Island|ref24	+	1524
CU633751_Symbiosis_Island_Cupriavidus_taiwanensis_str_LMG19424_plasmid_pRALTA	31866	33339	nifD	nifD|CU633751|CU633751_-_Symbiosis_Island|ref25	+	1473
NC_002678_Symbiosis_Island_3_Mesorhizobium_japonicum_MAFF_303099	999	2505	nifD	nifD|NC_002678|NC_002678_-_Symbiosis_Island_3|ref26	+	1506
NC_007777_Symbiosis_Island_Frankia_casuarinae	8442	9903	nifD	nifD|NC_007777|NC_007777_-_Symbiosis_Island|ref27	-	1461
NC_008278_Symbiosis_Island_Frankia_alni_ACN14a	8808	10269	nifD	nifD|NC_008278|NC_008278_-_Symbiosis_Island|ref28	-	1461
NC_009937_Symbiosis_Island_4_Azorhizobium_caulinodans_ORS_571	5727	7230	nifD	nifD|NC_009937|NC_009937_-_Symbiosis_Island_4|ref29	-	1503
NC_011894_Symbiosis_Island_Methylobacterium_nodulans_ORS_2060	7203	8721	nifD	nifD|NC_011894|NC_011894_-_Symbiosis_Island|ref30	-	1518
NC_012848_Symbiosis_Island_2_Rhizobium_leguminosarum_bv_trifolii_WSM1325_plasmid_pR132501	980	2492	nifD	nifD|NC_012848|NC_012848_-_Symbiosis_Island_2|ref31	+	1512
NC_014120_Symbiosis_Island_3_Paraburkholderia_atlantica_plasmid_pBC201	960	2424	nifD	nifD|NC_014120|NC_014120_-_Symbiosis_Island_3|ref32	+	1464
NC_015656_Symbiosis_Island_Candidatus_Protofrankia_datiscae	8135	9572	nifD	nifD|NC_015656|NC_015656_-_Symbiosis_Island|ref33	-	1437
NC_017249_Symbiosis_Island_Bradyrhizobium_japonicum_USDA_6	22043	23546	nifD	nifD|NC_017249|NC_017249_-_Symbiosis_Island|ref34	-	1503
NC_019848_Symbiosis_Island_2_Sinorhizobium_meliloti_GR4_plasmid_pRmeGR4c	5989	7492	nifD	nifD|NC_019848|NC_019848_-_Symbiosis_Island_2|ref35	-	1503
NZ_CP141049_Symbiosis_Island_Microvirga_lotononidis_strain_HAMBI_3237_plasmid_unnamed1	997	2500	nifD	nifD|NZ_CP141049|NZ_CP141049_-_Symbiosis_Island|ref36	+	1503
NZ_HG938357_Symbiosis_Island_2_Neorhizobium_galegae_bv_officinalis_bv_officinalis_str_HAMBI_1141_plasmid_pHAMBI1141b	6973	8473	nifD	nifD|NZ_HG938357|NZ_HG938357_-_Symbiosis_Island_2|ref37	+	1500
CU633751_Symbiosis_Island_Cupriavidus_taiwanensis_str_LMG19424_plasmid_pRALTA	16147	17518	nifE	nifE|CU633751|CU633751_-_Symbiosis_Island|ref38	+	1371
NC_002678_Symbiosis_Island_3_Mesorhizobium_japonicum_MAFF_303099	4237	5728	nifE	nifE|NC_002678|NC_002678_-_Symbiosis_Island_3|ref39	+	1491
NC_007777_Symbiosis_Island_Frankia_casuarinae	5239	6610	nifE	nifE|NC_007777|NC_007777_-_Symbiosis_Island|ref40	-	1371
NC_008278_Symbiosis_Island_Frankia_alni_ACN14a	5464	6835	nifE	nifE|NC_008278|NC_008278_-_Symbiosis_Island|ref41	-	1371
NC_009937_Symbiosis_Island_4_Azorhizobium_caulinodans_ORS_571	2268	3951	nifE	nifE|NC_009937|NC_009937_-_Symbiosis_Island_4|ref42	-	1683
NC_011894_Symbiosis_Island_Methylobacterium_nodulans_ORS_2060	3635	5156	nifE	nifE|NC_011894|NC_011894_-_Symbiosis_Island|ref43	-	1521
NC_012848_Symbiosis_Island_2_Rhizobium_leguminosarum_bv_trifolii_WSM1325_plasmid_pR132501	4155	5598	nifE	nifE|NC_012848|NC_012848_-_Symbiosis_Island_2|ref44	+	1443
NC_014120_Symbiosis_Island_Paraburkholderia_atlantica_plasmid_pBC201	1920	3414	nifE	nifE|NC_014120|NC_014120_-_Symbiosis_Island|ref45	+	1494
NC_015656_Symbiosis_Island_Candidatus_Protofrankia_datiscae	4804	6355	nifE	nifE|NC_015656|NC_015656_-_Symbiosis_Island|ref46	-	1551
NC_017249_Symbiosis_Island_Bradyrhizobium_japonicum_USDA_6	18685	20329	nifE	nifE|NC_017249|NC_017249_-_Symbiosis_Island|ref47	-	1644
NC_019848_Symbiosis_Island_2_Sinorhizobium_meliloti_GR4_plasmid_pRmeGR4c	2873	4304	nifE	nifE|NC_019848|NC_019848_-_Symbiosis_Island_2|ref48	-	1431
NZ_CP141049_Symbiosis_Island_Microvirga_lotononidis_strain_HAMBI_3237_plasmid_unnamed1	4227	5718	nifE	nifE|NZ_CP141049|NZ_CP141049_-_Symbiosis_Island|ref49	+	1491
NZ_HG938357_Symbiosis_Island_2_Neorhizobium_galegae_bv_officinalis_bv_officinalis_str_HAMBI_1141_plasmid_pHAMBI1141b	10166	11597	nifE	nifE|NZ_HG938357|NZ_HG938357_-_Symbiosis_Island_2|ref50	+	1431
CU633751_Symbiosis_Island_Cupriavidus_taiwanensis_str_LMG19424_plasmid_pRALTA	30919	31801	nifH	nifH|CU633751|CU633751_-_Symbiosis_Island|ref51	+	882
NC_002678_Symbiosis_Island_3_Mesorhizobium_japonicum_MAFF_303099	0	894	nifH	nifH|NC_002678|NC_002678_-_Symbiosis_Island_3|ref52	+	894
NC_007777_Symbiosis_Island_Frankia_casuarinae	9946	10810	nifH	nifH|NC_007777|NC_007777_-_Symbiosis_Island|ref53	-	864
NC_008278_Symbiosis_Island_Frankia_alni_ACN14a	10318	11182	nifH	nifH|NC_008278|NC_008278_-_Symbiosis_Island|ref54	-	864
NC_009937_Symbiosis_Island_3_Azorhizobium_caulinodans_ORS_571	0	891	nifH	nifH|NC_009937|NC_009937_-_Symbiosis_Island_3|ref55	+	891
NC_009937_Symbiosis_Island_4_Azorhizobium_caulinodans_ORS_571	7297	8188	nifH	nifH|NC_009937|NC_009937_-_Symbiosis_Island_4|ref56	-	891
NC_011894_Symbiosis_Island_Methylobacterium_nodulans_ORS_2060	8791	9691	nifH	nifH|NC_011894|NC_011894_-_Symbiosis_Island|ref57	-	900
NC_012848_Symbiosis_Island_2_Rhizobium_leguminosarum_bv_trifolii_WSM1325_plasmid_pR132501	0	888	nifH	nifH|NC_012848|NC_012848_-_Symbiosis_Island_2|ref58	+	888
NC_014120_Symbiosis_Island_3_Paraburkholderia_atlantica_plasmid_pBC201	0	882	nifH	nifH|NC_014120|NC_014120_-_Symbiosis_Island_3|ref59	+	882
NC_015656_Symbiosis_Island_Candidatus_Protofrankia_datiscae	9617	10490	nifH	nifH|NC_015656|NC_015656_-_Symbiosis_Island|ref60	-	873
NC_017249_Symbiosis_Island_Bradyrhizobium_japonicum_USDA_6	1919	2804	nifH	nifH|NC_017249|NC_017249_-_Symbiosis_Island|ref61	-	885
NC_019848_Symbiosis_Island_2_Sinorhizobium_meliloti_GR4_plasmid_pRmeGR4c	7591	8485	nifH	nifH|NC_019848|NC_019848_-_Symbiosis_Island_2|ref62	-	894
NZ_CP141049_Symbiosis_Island_Microvirga_lotononidis_strain_HAMBI_3237_plasmid_unnamed1	0	894	nifH	nifH|NZ_CP141049|NZ_CP141049_-_Symbiosis_Island|ref63	+	894
NZ_HG938357_Symbiosis_Island_2_Neorhizobium_galegae_bv_officinalis_bv_officinalis_str_HAMBI_1141_plasmid_pHAMBI1141b	5975	6872	nifH	nifH|NZ_HG938357|NZ_HG938357_-_Symbiosis_Island_2|ref64	+	897
NC_007777_nifJ_CDS_Frankia_casuarinae	0	3516	nifJ	nifJ|NC_007777|NC_007777_-_nifJ_CDS|ref65	+	3516
NC_008278_nifJ_CDS_Frankia_alni_ACN14a	0	3528	nifJ	nifJ|NC_008278|NC_008278_-_nifJ_CDS|ref66	+	3528
CU633751_Symbiosis_Island_Cupriavidus_taiwanensis_str_LMG19424_plasmid_pRALTA	33407	34967	nifK	nifK|CU633751|CU633751_-_Symbiosis_Island|ref67	+	1560
NC_002678_Symbiosis_Island_3_Mesorhizobium_japonicum_MAFF_303099	2636	4178	nifK	nifK|NC_002678|NC_002678_-_Symbiosis_Island_3|ref68	+	1542
NC_007777_Symbiosis_Island_Frankia_casuarinae	6818	8375	nifK	nifK|NC_007777|NC_007777_-_Symbiosis_Island|ref69	-	1557
NC_008278_Symbiosis_Island_Frankia_alni_ACN14a	7046	8609	nifK	nifK|NC_008278|NC_008278_-_Symbiosis_Island|ref70	-	1563
NC_009937_Symbiosis_Island_4_Azorhizobium_caulinodans_ORS_571	4088	5648	nifK	nifK|NC_009937|NC_009937_-_Symbiosis_Island_4|ref71	-	1560
NC_011894_Symbiosis_Island_Methylobacterium_nodulans_ORS_2060	5231	6770	nifK	nifK|NC_011894|NC_011894_-_Symbiosis_Island|ref72	-	1539
NC_012848_Symbiosis_Island_2_Rhizobium_leguminosarum_bv_trifolii_WSM1325_plasmid_pR132501	2569	4102	nifK	nifK|NC_012848|NC_012848_-_Symbiosis_Island_2|ref73	+	1533
NC_014120_Symbiosis_Island_3_Paraburkholderia_atlantica_plasmid_pBC201	2495	4055	nifK	nifK|NC_014120|NC_014120_-_Symbiosis_Island_3|ref74	+	1560
NC_015656_Symbiosis_Island_Candidatus_Protofrankia_datiscae	6498	8022	nifK	nifK|NC_015656|NC_015656_-_Symbiosis_Island|ref75	-	1524
NC_017249_Symbiosis_Island_Bradyrhizobium_japonicum_USDA_6	20421	21978	nifK	nifK|NC_017249|NC_017249_-_Symbiosis_Island|ref76	-	1557
NC_019848_Symbiosis_Island_2_Sinorhizobium_meliloti_GR4_plasmid_pRmeGR4c	4357	5899	nifK	nifK|NC_019848|NC_019848_-_Symbiosis_Island_2|ref77	-	1542
NZ_CP141049_Symbiosis_Island_Microvirga_lotononidis_strain_HAMBI_3237_plasmid_unnamed1	2624	4166	nifK	nifK|NZ_CP141049|NZ_CP141049_-_Symbiosis_Island|ref78	+	1542
NZ_HG938357_Symbiosis_Island_2_Neorhizobium_galegae_bv_officinalis_bv_officinalis_str_HAMBI_1141_plasmid_pHAMBI1141b	8569	10111	nifK	nifK|NZ_HG938357|NZ_HG938357_-_Symbiosis_Island_2|ref79	+	1542
CU633751_Symbiosis_Island_Cupriavidus_taiwanensis_str_LMG19424_plasmid_pRALTA	17650	18958	nifN	nifN|CU633751|CU633751_-_Symbiosis_Island|ref80	+	1308
NC_002678_Symbiosis_Island_3_Mesorhizobium_japonicum_MAFF_303099	5737	7120	nifN	nifN|NC_002678|NC_002678_-_Symbiosis_Island_3|ref81	+	1383
NC_009937_Symbiosis_Island_4_Azorhizobium_caulinodans_ORS_571	895	2263	nifN	nifN|NC_009937|NC_009937_-_Symbiosis_Island_4|ref82	-	1368
NC_011894_Symbiosis_Island_Methylobacterium_nodulans_ORS_2060	2256	3639	nifN	nifN|NC_011894|NC_011894_-_Symbiosis_Island|ref83	-	1383
NC_012848_Symbiosis_Island_2_Rhizobium_leguminosarum_bv_trifolii_WSM1325_plasmid_pR132501	5603	6935	nifN	nifN|NC_012848|NC_012848_-_Symbiosis_Island_2|ref84	+	1332
NC_014120_Symbiosis_Island_Paraburkholderia_atlantica_plasmid_pBC201	3435	4797	nifN	nifN|NC_014120|NC_014120_-_Symbiosis_Island|ref85	+	1362
NC_015656_Symbiosis_Island_Candidatus_Protofrankia_datiscae	3413	4805	nifN	nifN|NC_015656|NC_015656_-_Symbiosis_Island|ref86	-	1392
NC_017249_Symbiosis_Island_Bradyrhizobium_japonicum_USDA_6	17266	18676	nifN	nifN|NC_017249|NC_017249_-_Symbiosis_Island|ref87	-	1410
NC_019848_Symbiosis_Island_4_Sinorhizobium_meliloti_GR4_plasmid_pRmeGR4c	4883	6209	nifN	nifN|NC_019848|NC_019848_-_Symbiosis_Island_4|ref88	-	1326
NZ_CP141049_Symbiosis_Island_Microvirga_lotononidis_strain_HAMBI_3237_plasmid_unnamed1	5727	7110	nifN	nifN|NZ_CP141049|NZ_CP141049_-_Symbiosis_Island|ref89	+	1383
NZ_HG938357_Symbiosis_Island_2_Neorhizobium_galegae_bv_officinalis_bv_officinalis_str_HAMBI_1141_plasmid_pHAMBI1141b	11615	12962	nifN	nifN|NZ_HG938357|NZ_HG938357_-_Symbiosis_Island_2|ref90	+	1347
CU633751_Symbiosis_Island_Cupriavidus_taiwanensis_str_LMG19424_plasmid_pRALTA	20075	20651	nifQ	nifQ|CU633751|CU633751_-_Symbiosis_Island|ref91	+	576
NC_002678_nitrogen_fixation_protein_NifQ_CDS_Mesorhizobium_japonicum_MAFF_303099	0	648	nifQ	nifQ|NC_002678|NC_002678_-_nitrogen_fixation_protein_NifQ_CDS|ref92	+	648
NC_002678_nitrogen_fixation_protein_NifQ_CDS_Mesorhizobium_japonicum_MAFF_303099_2	0	648	nifQ	nifQ|NC_002678|NC_002678_-_nitrogen_fixation_protein_NifQ_CDS|ref92	+	648
NC_009937_Symbiosis_Island_3_Azorhizobium_caulinodans_ORS_571	1095	1812	nifQ	nifQ|NC_009937|NC_009937_-_Symbiosis_Island_3|ref93	+	717
NC_011894_Symbiosis_Island_Methylobacterium_nodulans_ORS_2060	0	774	nifQ	nifQ|NC_011894|NC_011894_-_Symbiosis_Island|ref94	-	774
NC_014118_nitrogen_fixation_protein_NifQ_CDS_Paraburkholderia_atlantica_chromosome_2	0	546	nifQ	nifQ|NC_014118|NC_014118_-_nitrogen_fixation_protein_NifQ_CDS|ref95	+	546
NC_014120_Symbiosis_Island_Paraburkholderia_atlantica_plasmid_pBC201	5871	6441	nifQ	nifQ|NC_014120|NC_014120_-_Symbiosis_Island|ref96	+	570
NC_017249_Symbiosis_Island_Bradyrhizobium_japonicum_USDA_6	996	1815	nifQ	nifQ|NC_017249|NC_017249_-_Symbiosis_Island|ref97	-	819
NZ_CP141049_nitrogen_fixation_protein_NifQ_CDS_Microvirga_lotononidis_strain_HAMBI_3237_plasmid_unnamed1	0	693	nifQ	nifQ|NZ_CP141049|NZ_CP141049_-_nitrogen_fixation_protein_NifQ_CDS|ref98	+	693
NC_002678_Symbiosis_Island_2_Mesorhizobium_japonicum_MAFF_303099	364	1621	nifS	nifS|NC_002678|NC_002678_-_Symbiosis_Island_2|ref99	-	1257
NC_009937_Symbiosis_Island_2_Azorhizobium_caulinodans_ORS_571	358	1450	nifS	nifS|NC_009937|NC_009937_-_Symbiosis_Island_2|ref100	+	1092
NC_017249_Symbiosis_Island_Bradyrhizobium_japonicum_USDA_6	10480	11662	nifS	nifS|NC_017249|NC_017249_-_Symbiosis_Island|ref101	-	1182
NC_002678_Symbiosis_Island_1_Mesorhizobium_japonicum_MAFF_303099	0	213	nifT	nifT|NC_002678|NC_002678_-_Symbiosis_Island_1|ref102	-	213
NC_009937_Symbiosis_Island_2_Azorhizobium_caulinodans_ORS_571	1597	1816	nifT	nifT|NC_009937|NC_009937_-_Symbiosis_Island_2|ref103	+	219
NC_011894_Symbiosis_Island_2_Methylobacterium_nodulans_ORS_2060	4877	5096	nifT	nifT|NC_011894|NC_011894_-_Symbiosis_Island_2|ref104	+	219
NC_012848_Symbiosis_Island_Rhizobium_leguminosarum_bv_trifolii_WSM1325_plasmid_pR132501	5004	5217	nifT	nifT|NC_012848|NC_012848_-_Symbiosis_Island|ref105	-	213
NC_014120_Symbiosis_Island_2_Paraburkholderia_atlantica_plasmid_pBC201	5071	5290	nifT	nifT|NC_014120|NC_014120_-_Symbiosis_Island_2|ref106	+	219
NC_017249_Symbiosis_Island_Bradyrhizobium_japonicum_USDA_6	10259	10484	nifT	nifT|NC_017249|NC_017249_-_Symbiosis_Island|ref107	-	225
NC_019848_Symbiosis_Island_3_Sinorhizobium_meliloti_GR4_plasmid_pRmeGR4c	3728	3935	nifT	nifT|NC_019848|NC_019848_-_Symbiosis_Island_3|ref108	+	207
NZ_CP141049_Symbiosis_Island_2_Microvirga_lotononidis_strain_HAMBI_3237_plasmid_unnamed1	0	213	nifT	nifT|NZ_CP141049|NZ_CP141049_-_Symbiosis_Island_2|ref109	-	213
NZ_HG938357_Symbiosis_Island_Neorhizobium_galegae_bv_officinalis_bv_officinalis_str_HAMBI_1141_plasmid_pHAMBI1141b	4211	4448	nifT	nifT|NZ_HG938357|NZ_HG938357_-_Symbiosis_Island|ref110	+	237
NC_002678_NifU_family_protein_CDS_Mesorhizobium_japonicum_MAFF_303099	0	570	nifU	nifU|NC_002678|NC_002678_-_NifU_family_protein_CDS|ref111	+	570
NC_007777_NifU_family_protein_CDS_Frankia_casuarinae	0	576	nifU	nifU|NC_007777|NC_007777_-_NifU_family_protein_CDS|ref112	+	576
NC_008278_NifU_family_protein_CDS_Frankia_alni_ACN14a	0	663	nifU	nifU|NC_008278|NC_008278_-_NifU_family_protein_CDS|ref113	+	663
NC_009937_Symbiosis_Island_2_Azorhizobium_caulinodans_ORS_571	0	285	nifU	nifU|NC_009937|NC_009937_-_Symbiosis_Island_2|ref114	+	285
NC_011894_NifU_family_protein_CDS_Methylobacterium_nodulans_ORS_2060	0	564	nifU	nifU|NC_011894|NC_011894_-_NifU_family_protein_CDS|ref115	+	564
NC_012850_NifU_family_protein_CDS_Rhizobium_leguminosarum_bv_trifolii_WSM1325	0	567	nifU	nifU|NC_012850|NC_012850_-_NifU_family_protein_CDS|ref116	+	567
NC_015656_NifU_family_protein_CDS_Candidatus_Protofrankia_datiscae	0	891	nifU	nifU|NC_015656|NC_015656_-_NifU_family_protein_CDS|ref117	+	891
NC_017249_NifU_family_protein_CDS_Bradyrhizobium_japonicum_USDA_6	0	570	nifU	nifU|NC_017249|NC_017249_-_NifU_family_protein_CDS|ref118	+	570
NC_019845_NifU_family_protein_CDS_Sinorhizobium_meliloti_GR4	0	567	nifU	nifU|NC_019845|NC_019845_-_NifU_family_protein_CDS|ref119	+	567
NZ_CP104965_NifU_family_protein_CDS_Devosia_neptuniae_strain_A184-1_chromosome	0	567	nifU	nifU|NZ_CP104965|NZ_CP104965_-_NifU_family_protein_CDS|ref120	+	567
NZ_CP141048_NifU_family_protein_CDS_Microvirga_lotononidis_strain_HAMBI_3237_chromosome	0	561	nifU	nifU|NZ_CP141048|NZ_CP141048_-_NifU_family_protein_CDS|ref121	+	561
NZ_HG938355_NifU_family_protein_CDS_Neorhizobium_galegae_bv_officinalis_bv_officinalis_str_HAMBI_1141_chromosome_I	0	567	nifU	nifU|NZ_HG938355|NZ_HG938355_-_NifU_family_protein_CDS|ref122	+	567
CU633751_Symbiosis_Island_Cupriavidus_taiwanensis_str_LMG19424_plasmid_pRALTA	25497	26553	nifV	nifV|CU633751|CU633751_-_Symbiosis_Island|ref123	-	1056
NC_007777_Symbiosis_Island_Frankia_casuarinae	11011	12214	nifV	nifV|NC_007777|NC_007777_-_Symbiosis_Island|ref124	-	1203
NC_008278_Symbiosis_Island_Frankia_alni_ACN14a	11358	12576	nifV	nifV|NC_008278|NC_008278_-_Symbiosis_Island|ref125	-	1218
NC_009937_nifV_CDS_Azorhizobium_caulinodans_ORS_571	0	1200	nifV	nifV|NC_009937|NC_009937_-_nifV_CDS|ref126	+	1200
NC_014120_Symbiosis_Island_2_Paraburkholderia_atlantica_plasmid_pBC201	380	1520	nifV	nifV|NC_014120|NC_014120_-_Symbiosis_Island_2|ref127	-	1140
NC_015656_Symbiosis_Island_Candidatus_Protofrankia_datiscae	10751	11918	nifV	nifV|NC_015656|NC_015656_-_Symbiosis_Island|ref128	-	1167
CU633751_Symbiosis_Island_Cupriavidus_taiwanensis_str_LMG19424_plasmid_pRALTA	25050	25389	nifW	nifW|CU633751|CU633751_-_Symbiosis_Island|ref129	-	339
NC_002678_Symbiosis_Island_2_Mesorhizobium_japonicum_MAFF_303099	0	384	nifW	nifW|NC_002678|NC_002678_-_Symbiosis_Island_2|ref130	-	384
NC_007777_Symbiosis_Island_Frankia_casuarinae	1936	2392	nifW	nifW|NC_007777|NC_007777_-_Symbiosis_Island|ref131	-	456
NC_008278_Symbiosis_Island_Frankia_alni_ACN14a	2188	2584	nifW	nifW|NC_008278|NC_008278_-_Symbiosis_Island|ref132	-	396
NC_009937_Symbiosis_Island_3_Azorhizobium_caulinodans_ORS_571	2539	2869	nifW	nifW|NC_009937|NC_009937_-_Symbiosis_Island_3|ref133	+	330
NC_011894_nifW_CDS_Methylobacterium_nodulans_ORS_2060	0	360	nifW	nifW|NC_011894|NC_011894_-_nifW_CDS|ref134	+	360
NC_014120_Symbiosis_Island_2_Paraburkholderia_atlantica_plasmid_pBC201	0	339	nifW	nifW|NC_014120|NC_014120_-_Symbiosis_Island_2|ref135	-	339
NC_015656_Symbiosis_Island_Candidatus_Protofrankia_datiscae	1969	2347	nifW	nifW|NC_015656|NC_015656_-_Symbiosis_Island|ref136	-	378
NC_017249_Symbiosis_Island_Bradyrhizobium_japonicum_USDA_6	0	342	nifW	nifW|NC_017249|NC_017249_-_Symbiosis_Island|ref137	-	342
NZ_CP141049_nifW_CDS_Microvirga_lotononidis_strain_HAMBI_3237_plasmid_unnamed1	0	384	nifW	nifW|NZ_CP141049|NZ_CP141049_-_nifW_CDS|ref138	+	384
NZ_CP141049_nifW_CDS_Microvirga_lotononidis_strain_HAMBI_3237_plasmid_unnamed1_2	0	384	nifW	nifW|NZ_CP141049|NZ_CP141049_-_nifW_CDS|ref138	+	384
CU633751_Symbiosis_Island_Cupriavidus_taiwanensis_str_LMG19424_plasmid_pRALTA	19057	19744	nifX	nifX|CU633751|CU633751_-_Symbiosis_Island|ref139	+	687
NC_002678_Symbiosis_Island_3_Mesorhizobium_japonicum_MAFF_303099	7085	7583	nifX	nifX|NC_002678|NC_002678_-_Symbiosis_Island_3|ref140	+	498
NC_002678_Symbiosis_Island_3_Mesorhizobium_japonicum_MAFF_303099	7599	8079	nifX	nifX|NC_002678|NC_002678_-_Symbiosis_Island_3|ref141	+	480
NC_007777_Symbiosis_Island_Frankia_casuarinae	2644	3088	nifX	nifX|NC_007777|NC_007777_-_Symbiosis_Island|ref142	-	444
NC_007777_Symbiosis_Island_Frankia_casuarinae	3084	3519	nifX	nifX|NC_007777|NC_007777_-_Symbiosis_Island|ref143	-	435
NC_008278_Symbiosis_Island_Frankia_alni_ACN14a	2803	3247	nifX	nifX|NC_008278|NC_008278_-_Symbiosis_Island|ref144	-	444
NC_008278_Symbiosis_Island_Frankia_alni_ACN14a	3243	3675	nifX	nifX|NC_008278|NC_008278_-_Symbiosis_Island|ref145	-	432
NC_009937_Symbiosis_Island_4_Azorhizobium_caulinodans_ORS_571	0	465	nifX	nifX|NC_009937|NC_009937_-_Symbiosis_Island_4|ref146	-	465
NC_009937_Symbiosis_Island_4_Azorhizobium_caulinodans_ORS_571	474	870	nifX	nifX|NC_009937|NC_009937_-_Symbiosis_Island_4|ref147	-	396
NC_011894_Symbiosis_Island_Methylobacterium_nodulans_ORS_2060	1298	1781	nifX	nifX|NC_011894|NC_011894_-_Symbiosis_Island|ref148	-	483
NC_011894_Symbiosis_Island_Methylobacterium_nodulans_ORS_2060	1796	2288	nifX	nifX|NC_011894|NC_011894_-_Symbiosis_Island|ref149	-	492
NC_014120_Symbiosis_Island_Paraburkholderia_atlantica_plasmid_pBC201	4848	5277	nifX	nifX|NC_014120|NC_014120_-_Symbiosis_Island|ref150	+	429
NC_015656_Symbiosis_Island_Candidatus_Protofrankia_datiscae	2539	3025	nifX	nifX|NC_015656|NC_015656_-_Symbiosis_Island|ref151	-	486
NC_015656_Symbiosis_Island_Candidatus_Protofrankia_datiscae	3021	3420	nifX	nifX|NC_015656|NC_015656_-_Symbiosis_Island|ref152	-	399
NC_017249_Symbiosis_Island_Bradyrhizobium_japonicum_USDA_6	16403	16868	nifX	nifX|NC_017249|NC_017249_-_Symbiosis_Island|ref153	-	465
NC_017249_Symbiosis_Island_Bradyrhizobium_japonicum_USDA_6	16874	17270	nifX	nifX|NC_017249|NC_017249_-_Symbiosis_Island|ref154	-	396
NC_019848_Symbiosis_Island_2_Sinorhizobium_meliloti_GR4_plasmid_pRmeGR4c	0	498	nifX	nifX|NC_019848|NC_019848_-_Symbiosis_Island_2|ref155	-	498
NZ_CP141049_Symbiosis_Island_Microvirga_lotononidis_strain_HAMBI_3237_plasmid_unnamed1	7075	7567	nifX	nifX|NZ_CP141049|NZ_CP141049_-_Symbiosis_Island|ref156	+	492
NZ_CP141049_Symbiosis_Island_Microvirga_lotononidis_strain_HAMBI_3237_plasmid_unnamed1	7584	8064	nifX	nifX|NZ_CP141049|NZ_CP141049_-_Symbiosis_Island|ref157	+	480
NZ_HG938357_Symbiosis_Island_2_Neorhizobium_galegae_bv_officinalis_bv_officinalis_str_HAMBI_1141_plasmid_pHAMBI1141b	12963	13461	nifX	nifX|NZ_HG938357|NZ_HG938357_-_Symbiosis_Island_2|ref158	+	498
CU633751_Symbiosis_Island_Cupriavidus_taiwanensis_str_LMG19424_plasmid_pRALTA	29008	29416	nifZ	nifZ|CU633751|CU633751_-_Symbiosis_Island|ref159	+	408
NC_002678_Symbiosis_Island_1_Mesorhizobium_japonicum_MAFF_303099	209	536	nifZ	nifZ|NC_002678|NC_002678_-_Symbiosis_Island_1|ref160	-	327
NC_007777_Symbiosis_Island_Frankia_casuarinae	1580	1940	nifZ	nifZ|NC_007777|NC_007777_-_Symbiosis_Island|ref161	-	360
NC_008278_Symbiosis_Island_Frankia_alni_ACN14a	1541	2192	nifZ	nifZ|NC_008278|NC_008278_-_Symbiosis_Island|ref162	-	651
NC_009937_Symbiosis_Island_2_Azorhizobium_caulinodans_ORS_571	6440	6746	nifZ	nifZ|NC_009937|NC_009937_-_Symbiosis_Island_2|ref163	+	306
NC_009937_Symbiosis_Island_2_Azorhizobium_caulinodans_ORS_571	6751	6991	nifZ	nifZ|NC_009937|NC_009937_-_Symbiosis_Island_2|ref164	+	240
NC_011894_Symbiosis_Island_2_Methylobacterium_nodulans_ORS_2060	4575	4881	nifZ	nifZ|NC_011894|NC_011894_-_Symbiosis_Island_2|ref165	+	306
NC_014120_Symbiosis_Island_2_Paraburkholderia_atlantica_plasmid_pBC201	4273	4744	nifZ	nifZ|NC_014120|NC_014120_-_Symbiosis_Island_2|ref166	+	471
NC_015656_Symbiosis_Island_Candidatus_Protofrankia_datiscae	1673	1970	nifZ	nifZ|NC_015656|NC_015656_-_Symbiosis_Island|ref167	-	297
NC_017249_Symbiosis_Island_Bradyrhizobium_japonicum_USDA_6	7212	7527	nifZ	nifZ|NC_017249|NC_017249_-_Symbiosis_Island|ref168	-	315
NZ_CP141049_Symbiosis_Island_2_Microvirga_lotononidis_strain_HAMBI_3237_plasmid_unnamed1	209	536	nifZ	nifZ|NZ_CP141049|NZ_CP141049_-_Symbiosis_Island_2|ref169	-	327
CU633751_Symbiosis_Island_Cupriavidus_taiwanensis_str_LMG19424_plasmid_pRALTA	3208	3802	nodA	nodA|CU633751|CU633751_-_Symbiosis_Island|ref170	-	594
NC_002678_Symbiosis_Island_4_Mesorhizobium_japonicum_MAFF_303099	1855	2449	nodA	nodA|NC_002678|NC_002678_-_Symbiosis_Island_4|ref171	+	594
NC_009937_Symbiosis_Island_Azorhizobium_caulinodans_ORS_571	0	591	nodA	nodA|NC_009937|NC_009937_-_Symbiosis_Island|ref172	+	591
NC_011894_Symbiosis_Island_3_Methylobacterium_nodulans_ORS_2060	0	645	nodA	nodA|NC_011894|NC_011894_-_Symbiosis_Island_3|ref173	+	645
NC_012848_Symbiosis_Island_Rhizobium_leguminosarum_bv_trifolii_WSM1325_plasmid_pR132501	0	591	nodA	nodA|NC_012848|NC_012848_-_Symbiosis_Island|ref174	+	591
NC_014120_Symbiosis_Island_4_Paraburkholderia_atlantica_plasmid_pBC201	2476	3067	nodA	nodA|NC_014120|NC_014120_-_Symbiosis_Island_4|ref175	-	591
NC_015656_Symbiosis_Island_2_Candidatus_Protofrankia_datiscae	0	582	nodA	nodA|NC_015656|NC_015656_-_Symbiosis_Island_2|ref176	-	582
NC_017249_Symbiosis_Island_2_Bradyrhizobium_japonicum_USDA_6	13247	13880	nodA	nodA|NC_017249|NC_017249_-_Symbiosis_Island_2|ref177	-	633
NC_019848_Symbiosis_Island_4_Sinorhizobium_meliloti_GR4_plasmid_pRmeGR4c	8420	9011	nodA	nodA|NC_019848|NC_019848_-_Symbiosis_Island_4|ref178	+	591
NZ_CP141049_Symbiosis_Island_3_Microvirga_lotononidis_strain_HAMBI_3237_plasmid_unnamed1	0	630	nodA	nodA|NZ_CP141049|NZ_CP141049_-_Symbiosis_Island_3|ref179	+	630
NZ_HG938357_Symbiosis_Island_2_Neorhizobium_galegae_bv_officinalis_bv_officinalis_str_HAMBI_1141_plasmid_pHAMBI1141b	1157	1748	nodA	nodA|NZ_HG938357|NZ_HG938357_-_Symbiosis_Island_2|ref180	+	591
CU633751_Symbiosis_Island_Cupriavidus_taiwanensis_str_LMG19424_plasmid_pRALTA	8274	8985	nodB	nodB|CU633751|CU633751_-_Symbiosis_Island|ref181	-	711
NC_002678_nodB_CDS_Mesorhizobium_japonicum_MAFF_303099	0	660	nodB	nodB|NC_002678|NC_002678_-_nodB_CDS|ref182	+	660
NC_011894_Symbiosis_Island_3_Methylobacterium_nodulans_ORS_2060	641	1301	nodB	nodB|NC_011894|NC_011894_-_Symbiosis_Island_3|ref183	+	660
NC_012848_Symbiosis_Island_Rhizobium_leguminosarum_bv_trifolii_WSM1325_plasmid_pR132501	587	1226	nodB	nodB|NC_012848|NC_012848_-_Symbiosis_Island|ref184	+	639
NC_014120_Symbiosis_Island_4_Paraburkholderia_atlantica_plasmid_pBC201	7668	8346	nodB	nodB|NC_014120|NC_014120_-_Symbiosis_Island_4|ref185	-	678
NC_015656_Symbiosis_Island_2_Candidatus_Protofrankia_datiscae	740	1454	nodB	nodB|NC_015656|NC_015656_-_Symbiosis_Island_2|ref186	-	714
NC_015656_Symbiosis_Island_3_Candidatus_Protofrankia_datiscae	0	852	nodB	nodB|NC_015656|NC_015656_-_Symbiosis_Island_3|ref187	+	852
NC_017249_Symbiosis_Island_2_Bradyrhizobium_japonicum_USDA_6	12591	13251	nodB	nodB|NC_017249|NC_017249_-_Symbiosis_Island_2|ref188	-	660
NC_019848_Symbiosis_Island_4_Sinorhizobium_meliloti_GR4_plasmid_pRmeGR4c	9007	9661	nodB	nodB|NC_019848|NC_019848_-_Symbiosis_Island_4|ref189	+	654
NZ_CP141049_Symbiosis_Island_3_Microvirga_lotononidis_strain_HAMBI_3237_plasmid_unnamed1	626	1286	nodB	nodB|NZ_CP141049|NZ_CP141049_-_Symbiosis_Island_3|ref190	+	660
NZ_HG938357_Symbiosis_Island_2_Neorhizobium_galegae_bv_officinalis_bv_officinalis_str_HAMBI_1141_plasmid_pHAMBI1141b	1744	2383	nodB	nodB|NZ_HG938357|NZ_HG938357_-_Symbiosis_Island_2|ref191	+	639
CU633751_Symbiosis_Island_Cupriavidus_taiwanensis_str_LMG19424_plasmid_pRALTA	6509	7862	nodC	nodC|CU633751|CU633751_-_Symbiosis_Island|ref192	-	1353
NC_002678_Symbiosis_Island_4_Mesorhizobium_japonicum_MAFF_303099	2576	3851	nodC	nodC|NC_002678|NC_002678_-_Symbiosis_Island_4|ref193	+	1275
NC_009937_Symbiosis_Island_Azorhizobium_caulinodans_ORS_571	1248	2442	nodC	nodC|NC_009937|NC_009937_-_Symbiosis_Island|ref194	+	1194
NC_011894_Symbiosis_Island_3_Methylobacterium_nodulans_ORS_2060	1316	2771	nodC	nodC|NC_011894|NC_011894_-_Symbiosis_Island_3|ref195	+	1455
NC_012848_Symbiosis_Island_Rhizobium_leguminosarum_bv_trifolii_WSM1325_plasmid_pR132501	1246	2527	nodC	nodC|NC_012848|NC_012848_-_Symbiosis_Island|ref196	+	1281
NC_014120_Symbiosis_Island_4_Paraburkholderia_atlantica_plasmid_pBC201	5893	7237	nodC	nodC|NC_014120|NC_014120_-_Symbiosis_Island_4|ref197	-	1344
NC_015656_Symbiosis_Island_3_Candidatus_Protofrankia_datiscae	870	2184	nodC	nodC|NC_015656|NC_015656_-_Symbiosis_Island_3|ref198	+	1314
NC_017249_Symbiosis_Island_2_Bradyrhizobium_japonicum_USDA_6	11119	12577	nodC	nodC|NC_017249|NC_017249_-_Symbiosis_Island_2|ref199	-	1458
NC_019848_Symbiosis_Island_4_Sinorhizobium_meliloti_GR4_plasmid_pRmeGR4c	9675	10956	nodC	nodC|NC_019848|NC_019848_-_Symbiosis_Island_4|ref200	+	1281
NZ_CP141049_Symbiosis_Island_3_Microvirga_lotononidis_strain_HAMBI_3237_plasmid_unnamed1	1301	2585	nodC	nodC|NZ_CP141049|NZ_CP141049_-_Symbiosis_Island_3|ref201	+	1284
NZ_HG938357_Symbiosis_Island_2_Neorhizobium_galegae_bv_officinalis_bv_officinalis_str_HAMBI_1141_plasmid_pHAMBI1141b	2406	3708	nodC	nodC|NZ_HG938357|NZ_HG938357_-_Symbiosis_Island_2|ref202	+	1302
CU633751_Symbiosis_Island_Cupriavidus_taiwanensis_str_LMG19424_plasmid_pRALTA	9160	10093	nodD	nodD|CU633751|CU633751_-_Symbiosis_Island|ref203	+	933
CU633751_Symbiosis_Island_Cupriavidus_taiwanensis_str_LMG19424_plasmid_pRALTA	3910	4657	nodH	nodH|CU633751|CU633751_-_Symbiosis_Island|ref204	-	747
CU633751_Symbiosis_Island_Cupriavidus_taiwanensis_str_LMG19424_plasmid_pRALTA	5531	6446	nodI	nodI|CU633751|CU633751_-_Symbiosis_Island|ref205	-	915
NC_002678_Symbiosis_Island_4_Mesorhizobium_japonicum_MAFF_303099	3900	4588	nodI	nodI|NC_002678|NC_002678_-_Symbiosis_Island_4|ref206	+	688
NC_011894_Symbiosis_Island_3_Methylobacterium_nodulans_ORS_2060	3179	4094	nodI	nodI|NC_011894|NC_011894_-_Symbiosis_Island_3|ref207	+	915
NC_012848_Symbiosis_Island_Rhizobium_leguminosarum_bv_trifolii_WSM1325_plasmid_pR132501	2557	3586	nodI	nodI|NC_012848|NC_012848_-_Symbiosis_Island|ref208	+	1029
NC_014120_Symbiosis_Island_4_Paraburkholderia_atlantica_plasmid_pBC201	4923	5916	nodI	nodI|NC_014120|NC_014120_-_Symbiosis_Island_4|ref209	-	993
NC_017249_Symbiosis_Island_2_Bradyrhizobium_japonicum_USDA_6	7918	8839	nodI	nodI|NC_017249|NC_017249_-_Symbiosis_Island_2|ref210	-	921
NC_019848_Symbiosis_Island_4_Sinorhizobium_meliloti_GR4_plasmid_pRmeGR4c	10963	12031	nodI	nodI|NC_019848|NC_019848_-_Symbiosis_Island_4|ref211	+	1068
NZ_CP141049_Symbiosis_Island_3_Microvirga_lotononidis_strain_HAMBI_3237_plasmid_unnamed1	2649	3657	nodI	nodI|NZ_CP141049|NZ_CP141049_-_Symbiosis_Island_3|ref212	+	1008
NZ_HG938357_Symbiosis_Island_2_Neorhizobium_galegae_bv_officinalis_bv_officinalis_str_HAMBI_1141_plasmid_pHAMBI1141b	3710	4754	nodI	nodI|NZ_HG938357|NZ_HG938357_-_Symbiosis_Island_2|ref213	+	1044
CU633751_Symbiosis_Island_Cupriavidus_taiwanensis_str_LMG19424_plasmid_pRALTA	4739	5528	nodJ	nodJ|CU633751|CU633751_-_Symbiosis_Island|ref214	-	789
NC_019848_Symbiosis_Island_5_Sinorhizobium_meliloti_GR4_plasmid_pRmeGR4c	3488	4040	nodL	nodL|NC_019848|NC_019848_-_Symbiosis_Island_5|ref215	-	552
CU633751_Symbiosis_Island_Cupriavidus_taiwanensis_str_LMG19424_plasmid_pRALTA	0	600	nodQ	nodQ|CU633751|CU633751_-_Symbiosis_Island|ref216	-	600
NC_019848_Symbiosis_Island_4_Sinorhizobium_meliloti_GR4_plasmid_pRmeGR4c	14376	16302	nodQ	nodQ|NC_019848|NC_019848_-_Symbiosis_Island_4|ref217	-	1926
CU633751_Symbiosis_Island_Cupriavidus_taiwanensis_str_LMG19424_plasmid_pRALTA	2494	3118	nodS	nodS|CU633751|CU633751_-_Symbiosis_Island|ref218	-	624
NC_002678_Symbiosis_Island_4_Mesorhizobium_japonicum_MAFF_303099	0	606	nodS	nodS|NC_002678|NC_002678_-_Symbiosis_Island_4|ref219	+	606
NC_014120_Symbiosis_Island_4_Paraburkholderia_atlantica_plasmid_pBC201	1760	2396	nodS	nodS|NC_014120|NC_014120_-_Symbiosis_Island_4|ref220	-	636
NC_017249_Symbiosis_Island_2_Bradyrhizobium_japonicum_USDA_6	10563	11193	nodS	nodS|NC_017249|NC_017249_-_Symbiosis_Island_2|ref221	-	630
CU633751_Symbiosis_Island_Cupriavidus_taiwanensis_str_LMG19424_plasmid_pRALTA	758	2480	nodU	nodU|CU633751|CU633751_-_Symbiosis_Island|ref222	-	1722
NC_009937_Symbiosis_Island_Azorhizobium_caulinodans_ORS_571	3128	4811	nodU	nodU|NC_009937|NC_009937_-_Symbiosis_Island|ref223	+	1683
NC_014120_Symbiosis_Island_4_Paraburkholderia_atlantica_plasmid_pBC201	0	1746	nodU	nodU|NC_014120|NC_014120_-_Symbiosis_Island_4|ref224	-	1746
NC_017249_Symbiosis_Island_2_Bradyrhizobium_japonicum_USDA_6	8840	10550	nodU	nodU|NC_017249|NC_017249_-_Symbiosis_Island_2|ref225	-	1710
NZ_HG938357_Symbiosis_Island_Neorhizobium_galegae_bv_officinalis_bv_officinalis_str_HAMBI_1141_plasmid_pHAMBI1141b	7007	8720	nodU	nodU|NZ_HG938357|NZ_HG938357_-_Symbiosis_Island|ref226	+	1713
NC_012848_nodX_CDS_Rhizobium_leguminosarum_bv_trifolii_WSM1325_plasmid_pR132501	0	1104	nodX	nodX|NC_012848|NC_012848_-_nodX_CDS|ref227	+	1104
NC_002678_nodulation_protein_NodZ_CDS_Mesorhizobium_japonicum_MAFF_303099	0	990	nodZ	nodZ|NC_002678|NC_002678_-_nodulation_protein_NodZ_CDS|ref228	+	990
NC_002678_nodulation_protein_NodZ_CDS_Mesorhizobium_japonicum_MAFF_303099_2	0	111	nodZ	nodZ|NC_002678|NC_002678_-_nodulation_protein_NodZ_CDS|ref229	+	111
NC_009937_Symbiosis_Island_Azorhizobium_caulinodans_ORS_571	6538	7525	nodZ	nodZ|NC_009937|NC_009937_-_Symbiosis_Island|ref230	+	987
NC_017249_Symbiosis_Island_2_Bradyrhizobium_japonicum_USDA_6	3566	4679	nodZ	nodZ|NC_017249|NC_017249_-_Symbiosis_Island_2|ref231	-	1113
